Workbook

Sheet 사용법
A1: 올투게더나우 B2B 영업 리스트 (한국 영업 × 중국 소싱 파트너 모델)
A3: 시트 구성
A4: 영업리스트 | B4: 컨택 대상 업체 전체. 노란색 칸(1차연락일~메모)만 직접 채우면 됩니다.
A5: 요약 | B5: 카테고리·우선순위별 업체 수와 연락 진행 현황이 자동 집계됩니다.
A6: 영업멘트 | B6: 전화·이메일 첫 컨택용 스크립트 초안.
A8: 우선순위 뜻
A9: 상 | B9: 중국 소싱 조직이 약하거나 없고, 굿즈/OEM 물량이 꾸준한 곳. 먼저 연락.
A10: 중 | B10: 가능성은 있으나 규모·소싱 방식이 불명확. 2차 연락.
A11: 하 | B11: 중국 자체 공장·지사를 이미 보유(경쟁사). 정보 수집용, 컨택 후순위.
A12: 회수 대상 | B12: 리자위와 결별한 前 파트너(함석민)가 응대하던 거래처. 리자위 쪽 생산 실적이 있으므로 최우선 컨택. 리스트 맨 위에 배치.
A14: 주의사항
A15: 1 | B15: 연락처는 각 회사가 홈페이지에 영업 목적으로 공개한 대표번호·대표메일·문의채널만 수집했습니다.
A16: 2 | B16: 빈칸은 홈페이지에서 확인이 안 된 항목입니다. 전화 걸 때 직접 물어보고 채우세요.
A17: 3 | B17: 연락 전 출처URL을 한 번 열어 현재도 영업 중인지, 번호가 바뀌지 않았는지 확인하세요.
A18: 4 | B18: 1차연락결과는 드롭다운(통화/메일발송/관심/견적요청/거절/부재/재연락)에서 고르면 요약 시트에 자동 집계됩니다.
A20: 조사일 | B20: 2026-09-09 (웹 공개정보 기준)

Sheet 영업리스트
A1: 번호 | B1: 우선순위 | C1: 업체명 | D1: 카테고리 | E1: 홈페이지 | F1: 대표전화 | G1: 이메일 | H1: 문의채널 | I1: 소재지 | J1: 주요취급품목 | K1: 중국자체소싱망 | L1: 선정이유 | M1: 출처URL | N1: 1차연락일 | O1: 연락방법 | P1: 담당부서/담당자 | Q1: 1차연락결과 | R1: 후속조치 | S1: 다음연락일 | T1: 메모
A2: 1 | B2: 상 | C2: (주)비투비앤씨 | D2: 회수 대상(前 파트너 거래처) | E2: https://btobnc.co.kr/ | F2: 02-745-9650 | G2: btobnc@daum.net | H2: 담당: 이병호 (휴대폰은 대표님 보유 메일 서명 참조) | I2: 서울 금천구 가산동(대성디폴리스 B동 1806호) | J2: 판촉물·굿즈 벤더(추정), 세부 품목 확인 필요 / 공개정보: B2B 소싱 플랫폼 기업. 기업 대상 굿즈·PB(자체브랜드)·판촉물(PGI) 기획/개발/소싱 컨설팅, 시즌별 판촉 사은품 디자인·제조, BtoE(임직원몰) 기획·운영. 2008년 6월 설립, 소기업(2023년 매출 약 127.9억, 직원 7명). 팩스 02-745-9649, 사업자번호 101-86-40347. | K2: 약함(前 파트너 함석민을 통해 중국 생산 진행하던 거래처) | L2: 리자위와 결별한 前 파트너(함석민)가 응대하던 거래처로, 리자위 쪽 생산 실적을 근거로 직접 회수 가능. | M2: 함석민 경유 메일 서명(2024) ; https://btobnc.co.kr/contact ; https://www.jobplanet.co.kr/companies/154239/landing/%EB%B9%84%ED%88%AC%EB%B9%84%EC%95%A4%EC%94%A8 ; https://www.jobkorea.co.kr/recruit/co_read/c/choish73
A3: 2 | B3: 상 | C3: 스펙트럼비즈 | D3: 회수 대상(前 파트너 거래처) | G3: spbiz1@hanmail.net | H3: 담당: 김상현 대표 / 메일 회신 이력 있음(2024.02 클립펜·온습도계 건) | J3: 소량 판촉물(클립펜 2종 각 500개, 온습도계 500개, 팬톤 컬러 인쇄) / 공개정보: 검색상 (주)스펙트럼비즈(매장광고 POSM, LED 라이트패널 Wtalk)가 있으나 동일 회사인지 미확인 | K3: 약함(前 파트너 함석민을 통해 중국 생산 진행하던 거래처) | L3: 500개 단위 소량 판촉물을 중국 생산하던 거래처. 소량·팬톤 인쇄 대응 가능함을 강조하면 회수 가능성 높음. | M3: 함석민 경유 메일(2024.02.27) ; http://www.04uk.com/bbs/board.php?bo_table=03&wr_id=34299 ; https://rainbowdeco.com/contact ; https://abnexo.gobizkorea.com/user/goods/frontGoodsDetail.do?goods_no=GS2021101807985
A4: 3 | B4: 상 | C4: 지티비(GTB) | D4: 회수 대상(前 파트너 거래처) | G4: gtb111@daum.net | H4: 메일 회신 이력 있음(2023.11 오스템임플란트 캐릭터 굿즈 건) | J4: 기업 캐릭터 굿즈 제작 중개(오스템임플란트 브랜드디자인팀 발주 → 중국 생산) | K4: 약함(前 파트너 함석민을 통해 중국 생산 진행하던 거래처) | L4: 오스템임플란트 같은 대기업 디자인팀 발주를 받아 생산처에 넘기는 전형적 벤더. 캐릭터 굿즈 반복 물량 기대. | M4: 함석민 경유 메일(2023.11.10)
A5: 4 | B5: 상 | C5: 하나라인(hanaLine Co., Ltd.) | D5: 회수 대상(前 파트너 거래처) | F5: 02-929-6060 | H5: 담당: 양경호 Director / Fax 02-929-6092 | I5: 서울 동대문구 용두동 | J5: 판촉물·봉제·인쇄 벤더(추정), 세부 품목 확인 필요 | K5: 약함(前 파트너 함석민을 통해 중국 생산 진행하던 거래처) | L5: 동대문 소재 벤더로 前 파트너 경유 물량이 있었던 곳. 회사 대표번호가 확보돼 있어 바로 전화 가능. | M5: 함석민 경유 메일 서명(2024)
A6: 5 | B6: 중 | C6: 강정호(회사명 미확인, SSGP 박스 건) | D6: 회수 대상(前 파트너 거래처) | G6: scott7015@naver.com | H6: 메일 회신 이력 있음(2024.02 SSGP 패키지 박스 도면 건) | J6: 브랜드 패키지 박스(SSGP PK outline ai/pdf 도면 전달) / 공개정보: SSGP는 화장품이 아니라 스테인리스(SUS304) 주방 조리도구 브랜드. 국내 온라인몰(SSG.COM/신세계몰, 한샘몰, YES24, 옥션, 다나와, 체어마트, 케이트왈츠 등)에서 '독일 SSGP 스텐 조리도구'로 표기되어 판매됨(스텐 머그/드럼컵, 국자, 집게, 거품기, 채반, 티망, 셰프나이프, 계량컵 등). 국내에서 SSGP 제품을 판매하는 업체로 (주)애플박스(경기 파주시 탄현면 검산로361번길 64, 031-8071-0707, 사업자 388-87-00648)와 (주)호민상사(대구 달서구, 사업자 530-87-02140)가 확인되나 공식 수입원/브랜드 소유 회사는 미확인. 해외 도매사이트(sunsky-online)에서도 SSGP 제품이 유통되어 실제 원산지/브랜드 본사는 검색으로 확정되지 않음. | K6: 약함(前 파트너 함석민을 통해 중국 생산 진행하던 거래처) | L6: 패키징 박스 중국 생산 건을 넘기던 발주자. 회사명·역할(브랜드 담당자인지 중개 벤더인지) 확인 후 접근. | M6: 함석민 경유 메일(2024.02.21) ; https://www.yes24.com/Product/Goods/97782001 ; https://store.hanssem.com/goods/821760 ; http://chairmart.co.kr/category/%EB%AA%85%ED%92%88%EC%A3%BC%EB%B0%A9-ssgp/1006/ ; https://katewaltz.co.kr/category/ssgp/209/ ; https://www.ssg.com/search.ssg?query=ssgp%EC%8A%A4%ED%85%90
A7: 6 | B7: 상 | C7: 바잇미((주)바잇미) | D7: OEM 온라인브랜드·패키징 | E7: https://www.biteme.co.kr | F7: 070-4188-1824 | H7: https://www.bizbite.me/ (B2B 사업자전용몰) | I7: 서울 강남구 | J7: 반려동물 장난감·의류·용품(자체 브랜드), B2B 도매·해외판매 | K7: 불명(자체 공장 언급 없음, 자체 브랜드 기획·판매 중심) | L7: 자체 브랜드 반려용품을 기획하고 B2B·글로벌까지 유통하는 업체로 중국 OEM 제조 파트너가 필요한 구조다. | M7: https://www.bizbite.me/
A8: 7 | B8: 상 | C8: 박스마스터 | D8: OEM 온라인브랜드·패키징 | E8: https://boxmaster.co.kr | F8: 1877-8830 | G8: service@boxmaster.co.kr | H8: https://boxmaster.co.kr/whatbm/location | I8: 서울 | J8: 브랜드 패키지 박스 제작, 맞춤 패키지 컨설팅 | K8: 약함(국내 패키지 컨설팅·제조 중심, 중국 소싱망 언급 없음) | L8: 패키지 컨설팅형 업체로 특수 사양 박스·부자재를 중국에서 조달할 외부 파트너가 필요할 수 있다. | M8: https://boxmaster.co.kr/whatbm/location
A9: 8 | B9: 상 | C9: 박스컴퍼니 | D9: OEM 온라인브랜드·패키징 | E9: https://www.boxcompany.co.kr | F9: 02-452-8887 | G9: boxcompany7@naver.com | H9: https://boxcompany.co.kr/contact | I9: 서울 | J9: 소량(100개~) 커스텀 패키지 박스 제작 | K9: 약함(국내 소량 제작 중심, 중국 소싱망 언급 없음) | L9: 소량 커스텀 박스 업체로 대량 주문이나 파우치·쇼핑백 등 특수 패키지는 중국 소싱이 필요할 수 있다. | M9: https://boxcompany.co.kr/contact
A10: 9 | B10: 상 | C10: 생활공작소((주)생활공작소) | D10: OEM 온라인브랜드·패키징 | E10: https://www.saengong.com | H10: https://m.gmarket.co.kr/n/minishop/livingcrafts/sellerinfo / 개인 메일로 보여 제외, 대표 메일 확인 필요 | I10: 서울 영등포구 | J10: 세제·비누·제습제 등 생활용품, 잡화, 반려동물용품 | K10: 불명(자체 공장 언급 없음, 기획·브랜딩 중심 생활용품 브랜드) | L10: 생활용품·잡화 다품종을 외주 생산으로 전개하는 대표적 온라인 브랜드로 중국 OEM 소싱 파트너 수요가 있다. | M10: https://m.gmarket.co.kr/n/minishop/livingcrafts/sellerinfo
A11: 10 | B11: 상 | C11: 패커티브 | D11: OEM 온라인브랜드·패키징 | E11: https://packative.com | G11: hello@packative.com | H11: https://packative.com/en/custom-quotation | I11: 서울 영등포구 | J11: 맞춤 패키지 박스 온라인 주문제작(AI 실시간 견적·3D 미리보기) | K11: 약함(국내 온라인 박스 제작 플랫폼, 중국 소싱망 언급 없음) | L11: 온라인 박스 제작 플랫폼으로 쇼핑백·파우치 등 품목 확장 시 중국 생산 파트너가 필요할 수 있다. | M11: https://help.packative.com/
A12: 11 | B12: 상 | C12: 페스룸((주)비엠스마일) | D12: OEM 온라인브랜드·패키징 | E12: https://pethroom.com | H12: 카카오톡채널 https://pf.kakao.com/_rVWpj / 개인 메일로 보여 제외, 대표 메일 확인 필요 | I12: 서울 강남구 | J12: 반려동물 욕실·위생용품, 의류·액세서리, 반려동물 라이프스타일 용품 | K12: 불명(자체 공장 언급 없음, 소규모 반려용품 제작에서 시작한 브랜드) | L12: 자체 공장 없이 다품종 반려용품을 기획·판매하는 온라인 브랜드로 중국 OEM 생산 파트너 수요가 크다. | M12: https://pethroom.com/
A13: 12 | B13: 상 | C13: 하밋(HAMIT) | D13: OEM 온라인브랜드·패키징 | E13: https://hamit.kr | H13: https://hamit.kr/ | J13: 반려동물 하우스·가구형 휴식 공간(룩앳미 하우스), 반려동물 생활용품 | K13: 약함(원단·원목·철제·봉제 등 7개 외부 제조사 협업으로 생산, 자체 공장 없음) | L13: 다수 외주 제조사에 의존해 제품을 만드는 디자인 중심 브랜드라 원가 절감을 위한 중국 OEM 파트너 수요가 높다. | M13: https://openads.co.kr/content/contentDetail?contsId=17861
A14: 13 | B14: 상 | C14: (주)온오프마켓 (온오프판촉물) | D14: 관공서·학교·금융·프랜차이즈 판촉 납품업체 | E14: https://pr.onoffmarket.com/ | F14: 1544-5269 | G14: onoff@onoffmarket.com | H14: https://www.onoffmarket.com/ (온오프마켓 본몰), https://store.onoffmarket.com/ | I14: 고양 일산동구 | J14: 단체 기념품·답례품·창립기념품·임직원선물·비즈니스선물, 위생용품·안전용품 (여성기업 공공기관 우선구매대상) | K14: 불명(검색결과에 중국 공장/지사 언급 없음) | L14: 여성기업 인증으로 공공기관 우선구매 대상에 등록된 판촉·안전·위생용품 종합 유통사로 공공 납품 물량 대응을 위한 중국 소싱 파트너 수요가 높을 것으로 판단됨. | M14: https://bizno.net/article/1058805007
A15: 14 | B15: 상 | C15: 판촉물도매백화점 (판촉물인쇄기프트 / REDLOOZ) | D15: 관공서·학교·금융·프랜차이즈 판촉 납품업체 | E15: https://87dept.com/ | G15: 87@redlooz.co.kr | H15: 전화번호 형식 의심(015-8504-6667), 홈페이지에서 확인 필요 | I15: 서울 | J15: 판촉물 대량구매 도매, 기념품·답례품·사은품 인쇄 제작 (차량용 디퓨저, 모자, 담요세트, 스카프, 지압기, 자개USB 등) | K15: 불명(검색결과에 중국 공장/지사 언급 없음; 도매상품 중심) | L15: 도매 대량구매를 전면에 내세우고 차량용품·모자·스카프 등 중국 생산 비중이 높은 범용 품목을 다수 취급해 안정적인 중국 소싱 파트너 수요가 클 것으로 판단됨. | M15: https://87dept.com/
A16: 15 | B16: 상 | C16: (주)서울부스애드컴 | D16: 광고·BTL·행사대행사 | E16: https://www.seouladcom.co.kr | F16: 02-6959-4488 | G16: seoul6004@naver.com | H16: https://seoulpr.co.kr/CONTACT | I16: 서울 영등포구 | J16: 전시부스(목공·블럭·옥타늄·트러스), 전시기획, 컨퍼런스·이벤트 부스, 포토존, 축제·행사 기획 | K16: 약함(전시부스 기획·시공 전문, 중국 거점 언급 없음) | L16: 전국 전시장 지정 부스 기획업체로 전시·행사 건수가 많아 부스 연출 소품과 행사 판촉물을 반복 조달하므로 중국 생산·검수·운송 일괄 파트너의 가치가 높다. | M16: https://www.seouladcom.co.kr/ ; https://www.114.co.kr/search/detail?comp_id=1778158&comp_tp_cd=INT&upjong_cd=839920
A17: 16 | B17: 상 | C17: (주)조인트크리에이티브 | D17: 광고·BTL·행사대행사 | E17: https://www.jcccom.co.kr | F17: 02-3443-2631 | G17: jcc2713@jcccom.co.kr | H17: https://jcccom.co.kr/sub.php (견적·상담 070-8146-3402) | I17: 서울 강남구 | J17: 이벤트 프로모션(BTL), 팝업스토어, 전시·부스, 시즌 프로모션, 무대행사, 온·오프라인 통합 마케팅 | K17: 불명(자체 브랜드 제품(이어프리 마스크밴드) 제작 이력은 있으나 중국 지사·공장 언급 없음) | L17: 2001년 설립된 온·오프라인 통합 에이전시로 팝업스토어·시즌 프로모션 등 BTL 행사를 상시 수행하며 자체 굿즈 기획 경험까지 있어 중국 생산 소싱 파트너와 결합 효과가 크다. | M17: https://www.jcccom.co.kr/ ; https://jcccom.co.kr/sub.php?pageState=product_btl
A18: 17 | B18: 상 | C18: (주)크림커뮤니케이션 | D18: 광고·BTL·행사대행사 | E18: http://www.creamcomm.co.kr | F18: 02-542-2671 | G18: soda@creamcomm.co.kr | H18: https://www.creamsoda.co.kr/cs/01/ | I18: 서울 강남구 | J18: 기업행사, 콘서트, 축제, 전시, 프로모션·이벤트, 사회공헌 행사, 콘텐츠·디자인 | K18: 약함(순수 BTL 대행사, 중국 지사·공장 언급 없음) | L18: 프로모션·이벤트 사업부가 대기업 행사를 연간 수백 건 수행하는 BTL 전문 대행사로, 행사별 굿즈·기념품·판촉물을 외주 제작에 의존하므로 중국 소싱 파트너 수요가 높다. | M18: https://www.creamsoda.co.kr/story/03/v/39 ; https://www.114.co.kr/search/detail?comp_id=973606&comp_tp_cd=INT&upjong_cd=711000
A19: 18 | B19: 상 | C19: 가현기획 | D19: 광고·BTL·행사대행사 | E19: https://gahyun.kr | F19: 031-423-6684 | G19: 6684@gahyun.kr | H19: https://gahyun.kr/about/overview.asp | I19: 경기 안양시 동안구 | J19: 전시회·박람회 부스 및 기업홍보관 설계·시공·운영, 컨벤션, 워크숍, 사내행사 기획·제작 | K19: 약함(국내 전시·행사 제작 대행, 중국 공장·지사 언급 없음) | L19: 전시부스 시공과 컨벤션·사내행사를 함께 대행하며 세종·안양 2개 거점을 운영하는 중견 기획사로, 행사 기념품·홍보물 물량이 꾸준해 중국 생산 파트너 활용 여지가 크다. | M19: https://gahyun.kr/about/overview.asp ; https://www.saramin.co.kr/zf_user/company-info/view/csn/VVptZktVaXp3UStyOHAzeFNWUU1OQT09/company_nm/%EA%B0%80%ED%98%84%EA%B8%B0%ED%9A%8D
A20: 19 | B20: 상 | C20: 바나나팩토리 | D20: 소규모 판촉물·패키징 중개벤더 | E20: https://bananafactory.kr | F20: 1522-3852 | H20: https://bananafactory.kr/category/%ED%8C%90%EC%B4%89%EB%AC%BC/344/ | I20: 서울 동대문구 청량리동 | J20: 판촉물(마이보틀·텀블러·장바구니·인주함 등), 광고용품·POP소품·다이어리 소량 100개~ 주문제작 | K20: 불명 — 자체 공장·중국 소싱 언급 없음 | L20: 동대문 소재 개인사업자 판촉물 쇼핑몰로 100개 단위 소량 로고 인쇄 판촉물을 취급해 중국 OEM 소싱 협업 적합. | M20: https://bananafactory.kr/product/%ED%8C%90%EC%B4%89%EB%AC%BC-%ED%99%8D%EB%B3%B4-%EC%9D%B8%EC%87%84-%EB%A7%88%EC%9D%B4%EB%B3%B4%ED%8B%80500ml-%EC%A3%BC%EB%AC%B8%EC%A0%9C%EC%9E%91-100%EA%B0%9C/50379/
A21: 20 | B21: 상 | C21: 박스메이커스(팩토리엠) | D21: 소규모 판촉물·패키징 중개벤더 | E21: https://www.boxmakers.co.kr | F21: 02-2263-9275 | G21: make@factorym.co.kr | H21: https://www.boxmakers.co.kr/portfolio | I21: 서울 중구 퇴계로(충무로 인근) | J21: 브랜드 패키지 박스·골판지합지박스·손잡이박스 주문제작 | K21: 불명 — 자체 공장·중국 소싱 언급 없음 | L21: 충무로 인쇄골목 인근 개인사업자 규모의 패키지 박스 중개 벤더로 브랜드 박스 소량 주문을 외주 생산하는 타깃. | M21: https://boxmakers.co.kr/
A22: 21 | B22: 상 | C22: 신시어리 | D22: 소규모 판촉물·패키징 중개벤더 | E22: https://sincerely.one | F22: 070-7169-1306 | G22: ask@sincerely.one | H22: https://sincerely.one/faq | I22: 서울 성동구 | J22: 브랜드 굿즈(볼캡·의류·문구·리빙), 기업 판촉·선물용 굿즈 | K22: 불명 — 사이트에 자체 공장·중국 지사 언급 없음 | L22: 성수 기반 소규모 브랜드 굿즈 스튜디오로 기업 마케팅팀 대상 소량 커스텀 굿즈를 기획·중개하는 전형적 타깃. | M22: https://sincerely.one/about
A23: 22 | B23: 상 | C23: 에이블밤부 | D23: 소규모 판촉물·패키징 중개벤더 | E23: https://able-bamboo.co.kr | F23: 031-976-9487 | G23: able-bamboo@able-bamboo.com | H23: https://able-bamboo.co.kr/product/list.html?cate_no=467 | I23: 경기 파주시 | J23: 기업 브랜드 굿즈, 친환경 키트·가방, 로고 장우산 등 기업 판촉물 | K23: 불명 — 자체 공장·중국 소싱 언급 없음 | L23: 파주 소재 기업 브랜드 굿즈 제작 전문 소규모 법인으로 대기업 로고 굿즈를 수주해 외주 생산하는 전형적 타깃. | M23: https://able-bamboo.co.kr/
A24: 23 | B24: 상 | C24: 엠유플랜박스 | D24: 소규모 판촉물·패키징 중개벤더 | E24: https://muplanbox.com | F24: 02-6409-6813 | G24: muplanbox@naver.com | H24: https://muplanbox.com/shopinfo/company.html | I24: 서울 성동구 성수동 | J24: 포장박스·칼라박스·싸바리박스·골판지박스 소량 제작, 브랜드 패키지 | K24: 불명 — 자체 공장·중국 소싱 언급 없음 | L24: 성수동 소규모 패키지 제작 브랜드로 소량 브랜드 박스 수요를 받아 외주 생산하는 구조라 중국 패키지 소싱 협업 여지가 큼. | M24: https://muplanbox.com/shopinfo/company.html
A25: 24 | B25: 상 | C25: 연패키지 | D25: 소규모 판촉물·패키징 중개벤더 | E25: https://www.yeonpack.com | F25: 02-6956-1918 | G25: y_pack30@naver.com | H25: https://www.yeonpack.com/box | I25: 서울 중구 을지로 | J25: 화장품 단상자·디저트박스·선물박스·친환경 패키지 주문제작 | K25: 불명 — 자체 공장·중국 소싱 언급 없음 | L25: 을지로 인쇄골목 소재 개인사업자 규모의 패키지 중개 벤더로 브랜드 박스 소량 주문을 외주 생산하는 타깃. | M25: https://www.yeonpack.com/
A26: 25 | B26: 상 | C26: (주)더플러스 (요가몰 YOGAMALL) | D26: 스포츠·헬스·재활용품 유통사/OEM브랜드 | E26: https://yogamall.co.kr | F26: 031-947-0808 | G26: tobe@theplus.biz | H26: https://yogamall.co.kr | I26: 경기 파주시 | J26: 요가·필라테스 매트, 소도구, 리포머, 재활운동 용품, 프랭클린메소드 교육 (요가원·스튜디오 납품) | K26: 약함(요가·필라테스 전문 유통몰, 자체 공장 정보 없음) | L26: 요가원·필라테스 스튜디오 대상 전문 유통몰로 매트·소도구·재활용품 PB 개발 시 외부 중국 OEM 파트너가 필요함. | M26: https://yogamall.co.kr
A27: 26 | B27: 상 | C27: (주)브라이즈 (에이더 AIDER) | D27: 스포츠·헬스·재활용품 유통사/OEM브랜드 | E27: https://aidershop.com | F27: 1566-3175 | G27: aider@bryze.kr | H27: https://m.aidershop.com/article/qa/6/ | I27: 서울 금천구 | J27: 무릎·손목·팔꿈치·발목 보호대, 스포츠 테이핑 등 관절 보호대 전문 브랜드 (물리치료사 개발) | K27: 불명(브랜드 기획·개발 중심, 자체 공장 여부 미공개) | L27: 보호대 전문 온라인 브랜드로 물리치료사 기획 제품을 외주 생산하는 구조로 보여 보호대 OEM 제조 파트너와의 협업 적합성이 매우 높음. | M27: https://aidershop.com
A28: 27 | B28: 상 | C28: (주)앳플리 (ATFLEE) | D28: 스포츠·헬스·재활용품 유통사/OEM브랜드 | E28: https://atflee.com | F28: 02-3445-7877 | G28: sales@atflee.com | H28: https://atflee.com/shopinfo/guide.html | I28: 서울 강남구 | J28: 요가매트·필라테스매트·스마트 체성분 체중계·홈트레이닝 용품 (자체 브랜드 앳플리, 무신사·삼성 SmartThings 입점) | K28: 약함(디자인·앱 중심 온라인 브랜드, 자체 공장 정보 없음) | L28: 자체 공장 없이 브랜드·앱 중심으로 요가매트 등 홈트 용품을 운영하는 전형적인 OEM 브랜드로 중국 소싱 파트너 수요가 큼. | M28: https://atflee.com/shopinfo/guide.html
A29: 28 | B29: 상 | C29: (주)우성레포츠 (아리프 ALEAF) | D29: 스포츠·헬스·재활용품 유통사/OEM브랜드 | E29: https://aleafsports.com | F29: 031-527-2338 | G29: aleaf@wsleports.com | H29: https://aleafsports.com/faq | I29: 경기 남양주시 오남읍 | J29: 요가매트·폼롤러·짐볼·허리보호대·웨이트/홈트 운동기구·키즈스포츠 용품 (자체 브랜드 아리프) | K29: 불명(온라인 브랜드 운영, 자체 공장 정보 미공개) | L29: 요가·필라테스·홈트 소도구를 자체 브랜드로 온라인 판매하며 허리보호대 등 보호대 라인까지 취급해 중국 OEM 소싱 파트너가 필요할 가능성이 높음. | M29: https://aleafsports.com/Privacy
A30: 29 | B30: 상 | C30: (주)코리아스포츠 (아이워너 IWANNA) | D30: 스포츠·헬스·재활용품 유통사/OEM브랜드 | E30: https://korspo.com | F30: 031-573-3313 | G30: k-korspo@naver.com | H30: https://www.korea-sports.co.kr/contact | I30: 경기 남양주시 오남읍 | J30: 폼롤러(EVA/EPP)·마사지볼·마사지스틱·무릎보호대·운동밴드·헬스소도구 (자체 브랜드 아이워너, 프로-스펙스 라이선스) | K30: 불명(자체 브랜드 제조·유통사이나 국내/중국 공장 보유 여부 사이트 확인 불가) | L30: 폼롤러·마사지볼·보호대 등 수십 종의 자체 브랜드 품목을 운영하는 종합 헬스소도구 유통사로 품목 확장·원가 절감을 위한 중국 OEM 파트너 수요가 큼. | M30: https://korspo.com/shopinfo/company.html
A31: 30 | B31: 상 | C31: SJ코리아 | D31: 스포츠·헬스·재활용품 유통사/OEM브랜드 | E31: http://www.sjkorea.co.kr | H31: http://www.sjkorea.co.kr | J31: 정형외과용 소모품(물리치료/통증치료, 캐스트/스프린트, 브레이스·보호대) | K31: 불명(정형외과 소모품 유통, 제조 정보 미확인) | L31: 정형외과·물리치료실 대상 브레이스·보호대 소모품 전문 유통사로 의료용 보호대 OEM 공급 파트너 수요가 직접적임. | M31: http://www.sjkorea.co.kr/shop/goods/goods_list.php?category=009003006
A32: 31 | B32: 상 | C32: 메디브랜드(병원마켓) / (주)이을커뮤니케이션아임 | D32: 제약·의료·치과 판촉물 벤더 | E32: https://www.medibrand.co.kr/ | F32: 1666-6973 / 070-4150-1731 | G32: medibrand@naver.com | H32: https://www.medibrand.co.kr/service/cooperation.php | I32: 서울 서초구 | J32: 병·의원/치과 개원패키지, 판촉물, 명함, 쇼핑백, 캘린더, 의료진 포스터 | K32: 불명 (자체 중국공장·지사 언급 없음, 병원 디자인·인쇄 위주) | L32: 900개 이상 병·의원 런칭 실적의 병원·치과 전문 디자인마켓으로 판촉물·개원패키지를 취급해 중국 생산 굿즈 공급 협업 여지가 큼. | M32: https://www.medibrand.co.kr/service/cooperation.php
A33: 32 | B33: 상 | C33: 하이어기프트 | D33: 제약·의료·치과 판촉물 벤더 | E33: https://cases.higher-gift.com/ | F33: 1533-4855 | G33: highergift@naver.com | H33: https://cases.higher-gift.com/contact/ | J33: 기업·관공서·학교·병원·단체 판촉물·기념품 (제품 선정~인쇄·포장·납품) | K33: 불명 (자체 공장·중국지사 언급 없음) | L33: 병원 판촉물 납품사례를 별도 사이트로 운영하는 소규모 중개 벤더로 자체 공장이 없어 중국 생산 파트너 수요가 있을 것으로 판단됨. | M33: https://cases.higher-gift.com/contact/
A34: 33 | B34: 상 | C34: 매일매일디자인 | D34: 캐릭터·IP·팬굿즈 기획사 | E34: https://www.elmogoon.com/ | G34: elshop@naver.com | H34: https://www.elmogoon.com/ (홈페이지 문의) | J34: IP 캐릭터 굿즈 기획·제작, 굿즈·패키지 OEM, 브랜딩 | K34: 불명(디자인 스튜디오, 생산 거점 언급 없음) | L34: IP 캐릭터 굿즈와 패키지 OEM을 기획하는 소규모 디자인 스튜디오로 제조는 전량 외주라 중국 소싱 파트너 필요성이 크다. | M34: https://www.elmogoon.com/ ; https://www.facebook.com/elmogoon0980/
A35: 34 | B35: 상 | C35: 엑스디컨스트럭트(XDT) | D35: 캐릭터·IP·팬굿즈 기획사 | E35: https://xdeconstruct.com/ | G35: xd@xdeconstruct.com | H35: https://xdeconstruct.com/ (온라인 제작 문의) | I35: 서울 중구 | J35: 아이돌·브랜드 굿즈 OEM/ODM(금속 키링, 주얼리, 헤어 액세서리, 패키지), 소량·대량 제작 | K35: 불명(기획·샘플·생산·검수·납품 일괄 진행 표기, 자체 공장·중국 거점 언급 없음) | L35: 아이돌 MD용 금속 키링·주얼리 등 중국 생산 의존도가 높은 품목을 OEM/ODM으로 기획하는 소규모 업체라 안정적인 중국 소싱 파트너가 유용하다. | M35: https://m.xdeconstruct.com/product/list_thumb.html?cate_no=42 ; https://xdeconstruct.com/
A36: 35 | B36: 상 | C36: 클로스업(ClawsUp) | D36: 캐릭터·IP·팬굿즈 기획사 | E36: https://clawsup.com/ | H36: https://clawsup.com/ (홈페이지 제작 문의) | I36: 경기 부천시 소사구 | J36: 캐릭터 토이 디자인, ABS/PVC 사출 피규어 양산, 소프트비닐·폴리레진 아트토이, 실리콘·러버 캐릭터 굿즈 | K36: 불명(소량~1천개 이상 대량 생산 가능 표기, 금형·양산 거점 미공개) | L36: 기업·프로스포츠·웹툰·지자체 캐릭터의 사출 피규어를 디자인해 양산하는 토이 디자인 업체로 금형·사출 양산은 중국 공장 의존도가 높아 소싱 파트너 수요가 크다. | M36: https://clawsup.com/ ; https://www.emis.com/php/company-profile/KR/Clawsup_Inc_en_23408343.html
A37: 36 | B37: 상 | C37: 허쉬위쉬(HUSHWISH) | D37: 캐릭터·IP·팬굿즈 기획사 | E37: https://www.hushwish.com/ | G37: hello@hushwish.com | H37: https://www.hushwish.com/contact_form/ (프로젝트 의뢰·제작 문의, 회사 계정 이메일만 접수) | J37: 캐릭터 개발·라이선싱, 기업 캐릭터 굿즈 기획, 이모티콘·애니메이션 콘텐츠 | K37: 불명(디자인·라이선싱 스튜디오로 생산 거점 언급 없음) | L37: 자체 라이선싱 캐릭터와 기업 캐릭터 굿즈를 기획하지만 제조 기능이 없는 디자인 스튜디오라 상품화 단계에서 중국 소싱 파트너가 필요하다. | M37: https://www.hushwish.com/contact_form/ ; https://www.hushwish.com/post_character/hushwish_licensing/
A38: 37 | B38: 상 | C38: 굿픽 스튜디오(GOODPIC STUDIO) | D38: 캐릭터·IP·팬굿즈 기획사 · 판촉물·굿즈 제작대행사 | E38: https://goodpicstudio.com/ | F38: 070-8244-9005 | G38: contact@goodpic.co.kr | H38: https://goodpicstudio.com/contact/ | J38: 굿즈 OEM/ODM 제작 전반(캐릭터·브랜드 굿즈) / 굿즈 OEM/ODM 기획·제작 | K38: 불명(OEM&ODM 전문 표기만 있고 생산 거점 언급 없음) | L38: OEM/ODM 굿즈 기획을 표방하는 소규모 스튜디오로 생산은 외부 공장에 의존하는 구조라 중국 소싱 파트너 제안에 열려 있을 가능성이 높다. / 소규모 OEM/ODM 굿즈 스튜디오로 자체 제조설비 언급이 없어 중국 생산 파트너 의존도가 높을 것으로 보인다. | M38: https://goodpicstudio.com/ ; https://goodpicstudio.com/contact/
A39: 38 | B39: 상 | C39: 다이버(DiiVER) | D39: 캐릭터·IP·팬굿즈 기획사 · 판촉물·굿즈 제작대행사 | E39: https://diiver.kr/ | F39: 02-466-0507 | G39: ask@diiver.kr | H39: https://diiver.kr/ (채팅 상담으로 견적 문의), https://diiver.kr/partner (파트너 입점) | I39: 서울 서대문구 | J39: 브랜드·캐릭터 굿즈 기획, 웰컴키트, 에코굿즈, 플레잉카드, 패키지·브랜딩 / 브랜드 굿즈 제작, 웰컴키트, 굿즈 스토어 운영대행 | K39: 약함(경기 고양 '다이버 팩토리' 국내 생산 거점 보유, 중국 거점 언급 없음) | L39: 국내 팩토리로 소량 제작은 자체 처리하지만 대량 IP 굿즈나 공산품 품목은 중국 소싱이 필요할 수 있어 보조 파트너로 접근 가능하다. / 브랜딩·디자인 중심의 굿즈 에이전시로 제조는 외주 구조라 중국 생산 파트너 확보 수요가 크다. | M39: https://diiver.kr/ ; https://www.diiver.kr/service
A40: 39 | B40: 상 | C40: 만상사 | D40: 캐릭터·IP·팬굿즈 기획사 · 판촉물·굿즈 제작대행사 | E40: https://mansangsa.com/ | F40: 1566-9437 | G40: biz@mansangsa.com | H40: https://mansangsa.com/ (홈페이지 상담 신청 폼) | I40: 서울 금천구 | J40: 게임·애니·웹툰·엔터 IP 굿즈, 인형/피규어 개발, OEM/ODM 상품, 단체복·키트, 해외 행사 MD / IP 굿즈, 기업 판촉물, 단체복, 웰컴키트, 인형·피규어 OEM/ODM | K40: 불명(전담 MD가 기획~검수·납품 일괄 진행, 자체 공장·중국 거점 언급 없음) | L40: 넥슨·크래프톤 등 IP 보유사 대상 인형·피규어·굿즈를 기획해 외주 생산하는 B2B 기획사로 자체 공장이 없어 중국 소싱 파트너가 필요할 가능성이 높다. / 국내 인쇄 설비 기반의 중견 굿즈 플랫폼이나 인형·피규어 등 해외 제작 품목은 외부 소싱망을 활용하므로 부분 협업 여지가 있다. | M40: https://mansangsa.com/about ; https://mansangsa.com/dolls-figures
A41: 40 | B41: 상 | C41: 먼데이팩토리 | D41: 캐릭터·IP·팬굿즈 기획사 · 판촉물·굿즈 제작대행사 | E41: https://mondayfactory.co.kr/ | F41: 031-546-0340 | G41: goodday@mondaypicnic.co.kr | H41: https://mondayfactory.co.kr/ (온라인 견적 문의) | I41: 경기 성남시 분당구 | J41: 응원봉, 아크릴 스탠드·키링, 파우치, 에코백, 코스터, 웰컴키트, 캐릭터 굿즈·판촉물 / 퍼스널브랜딩 굿즈, 웰컴키트, 판촉물, 기념품(에코백, 문구, 생활소품) | K41: 불명(캐릭터사업·굿즈제작 원스톱 플랫폼 표기, 생산 거점 언급 없음) | L41: 응원봉·아크릴·잡화 등 중국 생산 비중이 큰 품목을 원스톱 기획하는 중소 업체로 자체 공장 언급이 없어 중국 소싱 파트너 제안 적합도가 높다. / 해외 소싱을 직접 한다고 하나 자체 현지 조직이 없어 안정적인 중국 생산·검수 파트너가 필요할 가능성이 높다. | M41: https://m.mondayfactory.co.kr/shopinfo/company.html ; https://mondayfactory.co.kr/category/%EC%9D%91%EC%9B%90%EB%B4%89/586/
A42: 41 | B42: 상 | C42: 오즈의 제작소(콘콘) | D42: 캐릭터·IP·팬굿즈 기획사 · 판촉물·굿즈 제작대행사 | E42: https://ozjejakso.com/ | F42: 02-6735-3300 | H42: https://ozjejakso.com/ (1:1 전담 매니저 상담 신청), 카카오톡 채널 https://pf.kakao.com/_XFfQs | J42: IP·캐릭터 굿즈, 피규어 굿즈, 페어 인기 굿즈, 기업 굿즈 전반(추천 알고리즘 기반 B2B 굿즈 제작 플랫폼) / 기업·IP 굿즈 추천/디자인/제작/배송 올인원, 대량 굿즈 제작 | K42: 불명(제작 플랫폼으로 협력 제작처 연결 방식, 자체 공장·중국 거점 언급 없음) | L42: 2021년 설립된 B2B 굿즈 제작 매칭 플랫폼으로 자체 생산 설비 없이 다양한 품목을 외주로 처리하므로 중국 생산 파트너 풀 확보가 사업에 직접 도움이 된다. / 전담 PM이 다양한 굿즈를 기획·제작대행하는 구조라 자체 제조 없이 외부 생산 파트너 확보가 핵심이다. | M42: https://ozjejakso.com/ ; https://www.nextunicorn.kr/company/38d1c9668ce44aa7
A43: 42 | B43: 상 | C43: 비더굿즈 | D43: 판촉물·굿즈 제작대행사 | E43: https://bethegoods.shop/ | H43: https://bethegoods.shop/ (제작 문의), 인스타그램 @bethegoods.shop | J43: 기업 웰컴키트, 신입사원 키트, 행사 굿즈, 친환경 굿즈 소량 제작 | K43: 불명(자체 공장·중국 지사 언급 확인 안 됨) | L43: 소량·빠른 납기 위주의 B2B 웰컴키트 대행사로 자체 제조가 없어 구성품 소싱 파트너가 필요할 수 있으나 연락처는 사이트 직접 확인 필요. | M43: https://bethegoods.shop/welcome-kit
A44: 43 | B44: 상 | C44: 썸띵((주)썸띵코퍼레이션) | D44: 판촉물·굿즈 제작대행사 | E44: https://www.sumthing.co.kr/ | F44: 02-3012-1206 | G44: partners@sumthing.co.kr | H44: https://www.sumthing.co.kr/ (제작문의) | I44: 서울 송파구 | J44: 브랜드 굿즈·키트 기획/디자인/제조/포장/배송 원스톱, 웰컴키트 | K44: 약함(폭넓은 소싱 네트워크와 자체 풀필먼트만 언급, 자체 중국 공장·지사 언급 없음) | L44: 디자인·기획 중심 굿즈 스타트업으로 제조는 외부 소싱에 의존하므로 난이도 높은 커스텀 아이템의 중국 생산 파트너가 유용하다. | M44: https://www.sumthing.co.kr/About
A45: 44 | B45: 상 | C45: 아카이브((주)재승그룹) | D45: 판촉물·굿즈 제작대행사 | E45: https://www.thearc.kr/ | F45: 031-922-0090 | G45: archivekit@naver.com | H45: https://www.thearc.kr/ (키트 제작 문의) | I45: 고양 일산동구 | J45: 기업 웰컴키트, 워크숍 키트, 텀블러·다이어리·에코백 등 브랜드 굿즈 패키지 | K45: 불명(자체 공장·중국 지사 언급 확인 안 됨) | L45: 웰컴키트 구성품을 조합·제작하는 대행사로 원가 경쟁력 있는 구성품 소싱을 위한 중국 파트너가 유용하다. | M45: https://www.thearc.kr/kitpackage
A46: 45 | B46: 상 | C46: 에이원기프트(주식회사 에이원기프트) | D46: 판촉물·굿즈 제작대행사 | E46: https://aonegift.co.kr/ | F46: 1661-1069 | G46: aone@aonegift.co.kr | H46: https://aonegift.co.kr/ (온라인 견적문의) | I46: 양산 물금읍 | J46: 기업·관공서 행사 판촉물, 기념품, 사은품 제작 | K46: 불명(자체 공장·중국 지사 언급 확인 안 됨) | L46: 영남권 판촉물 제작대행사로 자체 생산망 언급이 없어 저가·대량 아이템의 중국 소싱 파트너가 필요할 수 있다. | M46: https://aonegift.co.kr/
A47: 46 | B47: 상 | C47: 주아기프트(주식회사 제이컴스) | D47: 판촉물·굿즈 제작대행사 | E47: https://juagift.com/ | F47: 1544-6233 | G47: juagift@juagift.com | H47: https://juagift.com/ (온라인 견적/대량주문 문의) | I47: 군포시 | J47: 판촉물·기념품·답례품·홍보용품 주문제작(인쇄·각인), 이벤트 사은품 | K47: 불명(본사·출고센터만 공개, 중국 공장·지사 언급 없음) | L47: 최저가 보장형 판촉물 제작대행사로 국내 출고센터만 운영해 원가 절감을 위한 중국 소싱 파트너 수요가 있을 수 있다. | M47: https://juagift.com/
A48: 47 | B48: 상 | C48: 개성상인((주)개성상인) | D48: 판촉물·굿즈 제작대행사 · 관공서·학교·금융·프랜차이즈 판촉 납품업체 | E48: https://www.intermarket.co.kr/ | F48: 1544-8713 | G48: info@intermarket.co.kr | H48: https://intermarket.co.kr/src/order.php (주문/견적문의) | I48: 성남 분당구 | J48: 기업·대학·공공기관 기념품, 판촉물, 웰컴키트, 브랜드 굿즈 세트 / 기념품·판촉물·굿즈·홍보물품 제작 (TECH/전자기기, 필기도구, 건강관리용품, 우산 등) | K48: 불명(자체 공장·중국 지사 언급 확인 안 됨) | L48: 판교 소재 판촉물·웰컴키트 제작대행사로 자체 제조망 언급이 없어 중국 소싱 파트너 활용 여지가 크다. / 판교 소재 판촉물 플랫폼으로 입점업체(공급사) 모집 구조를 갖추고 있어 직접 소싱보다는 공급사를 통해 조달할 가능성이 있으나 전자기기·굿즈 카테고리 확대 시 중국 소싱 파트너가 유용할 수 있음. | M48: https://www.intermarket.co.kr/src/guide_usage.php
A49: 48 | B49: 상 | C49: 고려기프트 | D49: 판촉물·굿즈 제작대행사 · 관공서·학교·금융·프랜차이즈 판촉 납품업체 | E49: https://adpanchok.co.kr/ | F49: 1577-2288 | H49: https://adpanchok.co.kr/ (온라인 견적상담), 협력사 입점 https://adpanchok.co.kr/partner/ | I49: 서울 도봉구 | J49: 판촉물·홍보물품·기념품·답례품 단체주문(로고 인쇄·각인) / 판촉물·기념품 단체주문 (자동차용품 판촉물, 은행/금융권 판촉물, 공공기관 우선구매 대상기업) | K49: 불명(협력사 입점 방식으로 상품 공급, 자체 공장·중국 지사 언급 없음) | L49: 협력사(공급사) 입점형 판촉물 전문몰이라 직접 소싱보다는 공급사 확보 관점에서 중국 소싱 파트너와 협업할 여지가 있다. / 공공기관 우선구매 대상기업이자 자사 사옥을 보유한 대형 판촉물 전문몰로 자동차용품·금융권 판촉물 등 다양한 카테고리를 대량 취급해 중국 소싱 파트너의 가치가 큼. | M49: https://adpanchok.co.kr/partner/
A50: 49 | B50: 상 | C50: 세종기프트(구 기프트인포) | D50: 판촉물·굿즈 제작대행사 · 관공서·학교·금융·프랜차이즈 판촉 납품업체 | E50: https://giftinfo.co.kr/ | F50: 02-500-5900 | G50: help@gifti.co.kr | H50: https://giftinfo.co.kr/ (온라인 견적/주문) | I50: 서울 중구 | J50: 판촉물·기념품·답례품·굿즈 전반(생활용품, 문구, 우산, 텀블러 등 로고 인쇄 제작) / 판촉물·기념품·답례품·굿즈 인쇄제작 (텀블러, 에코백, 문구, 건강식품 판촉물 등) | K50: 불명(사이트에 중국 공장·지사 언급 확인 안 됨, 최저가 보장형 종합 판촉물 쇼핑몰) | L50: 대량 카탈로그형 판촉물 쇼핑몰로 자체 생산시설 언급이 없어 신규 아이템·OEM 기획 시 외부 중국 소싱 파트너가 필요할 가능성이 높다. / 대기업·공공기관 우선구매대상 기업으로 최저가 보장제를 내세우는 대형 판촉물 종합몰이라 원가 경쟁력 확보를 위한 중국 소싱 파트너 수요가 클 것으로 판단됨. | M50: https://giftinfo.co.kr/
A51: 50 | B51: 상 | C51: 시너지기프트 | D51: 판촉물·굿즈 제작대행사 · 관공서·학교·금융·프랜차이즈 판촉 납품업체 | E51: https://www.synergygift.co.kr/ | F51: 02-713-8555 | G51: master@synergygift.co.kr | H51: https://synergygift.co.kr/src/guide.php (주문가이드/견적문의) | I51: 고양 덕양구 | J51: 기업·대학·연구소·공공기관 행사판촉물, 웰컴키트, 사은품, 굿즈 / 기업·대학·연구소·공공기관 행사판촉물, 홍보물품, 사은품, 웰컴키트, 굿즈 (텀블러, 손거울, 냅킨, 메모잇 등 주문제작형) | K51: 불명(자체 공장·중국 지사 언급 확인 안 됨) | L51: 기관·기업 대상 판촉물 제작대행 위주로 자체 제조 언급이 없어 외부 소싱 파트너 활용 여지가 크다. / 보험사 사은품 검색에서 노출되는 공공기관·기업 행사판촉물 전문업체로 웰컴키트·굿즈 등 주문제작형 품목이 많아 중국 OEM 소싱 파트너 수요가 있을 것으로 판단됨. | M51: https://www.synergygift.co.kr/
A52: 51 | B52: 상 | C52: 판촉나라 | D52: 판촉물·굿즈 제작대행사 · 관공서·학교·금융·프랜차이즈 판촉 납품업체 | E52: https://87nara.kr/ | F52: 1533-8700 | G52: biz87@naver.com | H52: 카카오톡 ID 87narakr(야간문의), https://87nara.kr/ (온라인 견적) | I52: 대구 수성구 | J52: 학교·관공서·기업 판촉물, 행사 기념품, 답례품, 단체선물 / 판촉물·기념품·답례품·사은품·홍보물 (공공기관기념품 카테고리 운영, 학원홍보물, 떡메모지, 세면백 등) | K52: 불명(자체 공장·중국 지사 언급 확인 안 됨) | L52: 소규모 판촉물 전문 쇼핑몰로 자체 제조 기반이 없어 신규 상품 소싱을 외부 파트너에 의존할 가능성이 높다. / 학교·관공서·기업 행사 판촉물을 전문으로 하는 대구권 온라인몰로 공공기관기념품 전용 카테고리를 운영하나 자체 해외 생산망 언급이 없어 외부 중국 소싱 파트너가 필요할 가능성이 높음. | M52: https://87nara.kr/
A53: 52 | B53: 상 | C53: 판촉넷(대한판촉 주식회사) | D53: 판촉물·굿즈 제작대행사 · 관공서·학교·금융·프랜차이즈 판촉 납품업체 | E53: https://panchock.net/ | F53: 050-7790-0631 | G53: 16008387@korea87.kr | H53: https://panchock.net/ (온라인 견적문의) | I53: 대구 수성구 | J53: 개업판촉물, 관공서·학교·기업 기념품, 홍보물 도매 / 프랜차이즈·은행(국민은행 등 금융권) 판촉물, 라이터·볼펜 등 판촉물 제작 | K53: 불명(회사소개에 자체 공장·중국 지사 언급 없음) | L53: 지역 기반 판촉물 유통·제작대행사로 자체 제조망이 없어 차별화 아이템 확보를 위한 중국 소싱 파트너 수요가 있을 수 있다. / 은행별·프랜차이즈 판촉물 카테고리를 별도 운영하는 판촉물 전문몰로 금융권·가맹점 대량 판촉물 수요에 대응할 중국 소싱 파트너가 필요할 수 있으나 연락처는 사이트 접근 차단으로 미확인. | M53: https://panchock.net/
A54: 53 | B54: 상 | C54: 판촉이지((주)펀앤허브) | D54: 판촉물·굿즈 제작대행사 · 관공서·학교·금융·프랜차이즈 판촉 납품업체 | E54: https://easy1.co.kr/ | F54: 02-412-0044 | G54: master@eggift.co.kr | H54: https://easy1.co.kr/ (온라인 견적문의) | I54: 서울 금천구(통신판매업신고 기준) | J54: 기업·대학·연구소·공공기관 행사판촉물, 홍보물품, 사은품(전자기기·생활용품 등) / 기업·대학·연구소·공공기관 행사판촉물, 홍보물품, 사은품 (공공기관 판촉물 모음전, 상패/트로피, 다이어리, 행사가방 등) | K54: 불명(자체 공장·중국 지사 언급 확인 안 됨) | L54: 브랜드 상품 유통 중심의 판촉물 제작대행사로 자체 제조가 없어 OEM 아이템 개발 시 외부 소싱 파트너가 필요하다. / 공공기관 판촉물 모음전을 별도 운영하며 대학·연구소·공공기관 행사 판촉물을 전문으로 하는 업체로 자체 해외 생산 언급이 없어 중국 소싱 파트너 수요가 있을 것으로 판단됨. | M54: https://easy1.co.kr/src/privacy.php
A55: 54 | B55: 중 | C55: 마음상자 | D55: OEM 온라인브랜드·패키징 | E55: https://www.maumsangja.com | F55: 02-463-8212 | H55: https://www.maumsangja.com/ | J55: 선물박스·단상자·싸바리박스, 쇼핑백, 맞춤 스티커 제작(1:1 패키지 컨설팅) | K55: 약함(국내 생산시설 보유 표방, 중국 소싱망 언급 없음) | L55: 국내 생산시설로 박스를 만들지만 쇼핑백·파우치 등 외주 품목은 중국 소싱 파트너와 협업 여지가 있다. | M55: https://www.maumsangja.com/
A56: 55 | B56: 중 | C56: 박스네(BOXNE) | D56: OEM 온라인브랜드·패키징 | E56: https://www.boxne.co.kr | F56: 02-2277-0023 | G56: syprint02@boxne.co.kr | H56: https://www.boxne.co.kr/ | I56: 서울 중구 | J56: 싸바리박스, 컬러 포장박스, 쇼핑백, 패키지 주문제작(김포 자체공장) | K56: 약함(국내 김포 자체공장 보유, 중국 소싱망 언급 없음) | L56: 국내 자체공장으로 박스는 직접 생산하지만 쇼핑백·부자재 원가 절감용 중국 소싱 수요가 있을 수 있다. | M56: https://www.boxne.co.kr/
A57: 56 | B57: 중 | C57: 박스명가(BOXMGA) | D57: OEM 온라인브랜드·패키징 | E57: https://www.boxmga.com | F57: 02-2266-1113 | G57: syprint02@daum.net | H57: https://www.boxmga.com/sub06/sub01.php | I57: 서울 중구 | J57: FSC인증 패키지, 화장품 단상자, 싸바리박스, 쇼핑백 제작 | K57: 약함(충무로 기반 국내 인쇄·제작, 중국 소싱망 언급 없음) | L57: 40년 국내 제작 노하우가 있으나 쇼핑백·특수 소재 패키지 원가 절감 시 중국 생산 파트너 수요가 있을 수 있다(박스네와 동일 그룹 추정). | M57: https://www.boxmga.com/sub06/sub01.php
A58: 57 | B58: 중 | C58: 아르르((주)블랭크코퍼레이션/동원디어푸드) | D58: OEM 온라인브랜드·패키징 | E58: https://arrr.kr | F58: 1877-3228 | G58: arrr@blankcorp.kr | H58: https://arrr.kr/cs/ / 카카오톡 @아르르 | I58: 서울 서초구 | J58: 반려동물 용품·간식·장난감(미디어커머스 기반 자체 브랜드) | K58: 불명(자체 공장 없는 미디어커머스형 브랜드, 모회사 소싱망 미확인) | L58: 외주 생산 기반 반려용품 브랜드지만 대기업(동원) 계열로 편입돼 기존 소싱망을 활용할 가능성이 있다. | M58: https://arrr.kr/cs/
A59: 58 | B59: 중 | C59: 늘봄기프트 (늘봄컴퍼니) | D59: 관공서·학교·금융·프랜차이즈 판촉 납품업체 | E59: https://alwaysbomgift.com/ | F59: 1544-6233 | G59: alwaysbom2018@naver.com | I59: 성남 분당구 | J59: 기업·공공기관·관공서·대학교·학원·협회 기념품 판촉물 도매 (문구, 에코백, 생활용품 등) | K59: 불명(검색결과에 중국 공장/지사 언급 없음) | L59: 관공서·대학교·학원 대상 판촉물 도매몰을 표방하는 소규모 업체로 자체 생산망이 없어 가격 경쟁력 확보를 위한 중국 소싱 파트너 활용 가능성이 있음. | M59: https://alwaysbomgift.com/
A60: 59 | B60: 중 | C60: 망고기프트 (원더풀라이프) | D60: 관공서·학교·금융·프랜차이즈 판촉 납품업체 | E60: https://mangogift.co.kr/ | G60: wdplife337@gmail.com | I60: 서울 구로구 | J60: 판촉물·답례품·사은품·기념품 (핫팩, 손난로, 고급 수건 등 맞춤 제작) | K60: 불명(검색결과에 중국 공장/지사 언급 없음) | L60: 보험사 사은품용 핫팩·수건 등 맞춤 제작 소규모 판촉몰로 자체 생산망이 없어 저가 대량 품목의 중국 소싱 파트너가 필요할 수 있음(대표전화는 검색결과가 타사와 중복 표기되어 미기재). | M60: https://mangogift.co.kr/
A61: 60 | B61: 중 | C61: 아로기프트 | D61: 관공서·학교·금융·프랜차이즈 판촉 납품업체 | E61: https://arogift.com/ | F61: 02-501-0774 | G61: arogift@naver.com | I61: 서울 강남구 | J61: 판촉물·기념품·사은품·홍보물품·답례품 (학교 졸업/입학 기념품, 담요, 구급함, 쇼핑백, 메모보드 등) | K61: 불명(검색결과에 중국 공장/지사 언급 없음) | L61: 학교 기념품 검색에 노출되는 강남권 소규모 판촉몰로 자체 생산 언급이 없어 담요·구급함 등 범용 품목의 중국 소싱 파트너 활용 여지가 있음. | M61: https://arogift.com/
A62: 61 | B62: 중 | C62: 예스폼기프트 | D62: 관공서·학교·금융·프랜차이즈 판촉 납품업체 | E62: https://www.yesformgift.com/ | H62: https://find.yesformgift.com/sp/ (행사별 기념품 검색/주문제작) | J62: 졸업·입학선물 기념품, 단체선물 주문제작 (국내 최저가 표방) | K62: 불명(사이트 접근 차단으로 확인 불가) | L62: 서식 플랫폼 예스폼 계열의 기념품 주문제작몰로 졸업·입학 등 학교 행사 기념품을 최저가로 취급해 중국 소싱 파트너 수요가 있을 수 있으나 연락처는 미확인. | M62: https://find.yesformgift.com/sp/event_%C1%B9%BE%F7%7C%C0%D4%C7%D0%BC%B1%B9%B0/
A63: 62 | B63: 중 | C63: 위시판촉 (wishcar) | D63: 관공서·학교·금융·프랜차이즈 판촉 납품업체 | E63: https://wishcar.co.kr/ | H63: https://wishcar.co.kr/shop/list.php?ca_id=081008 (프랜차이즈 판촉물 카테고리) | J63: 공공기관·지자체·협회·기업 행사 판촉물·기념품, 프랜차이즈 본사납품·가맹점 홍보 굿즈 | K63: 불명(사이트 접근 차단으로 확인 불가) | L63: 언론(브랜드경제신문)에서 공공기관·지자체 행사 담당자용 판촉물 플랫폼으로 소개되고 프랜차이즈 본사납품 카테고리를 갖춰 중국 소싱 파트너 수요가 있을 수 있으나 연락처는 미확인. | M63: https://www.benews.co.kr/news/475927
A64: 63 | B64: 중 | C64: 제이기프트 | D64: 관공서·학교·금융·프랜차이즈 판촉 납품업체 | E64: https://jgift.kr/ | F64: 070-8777-9371 | I64: 수원 권선구 | J64: 홍보판촉물 (USB, 보조배터리, 볼펜, 우산, 백팩·파우치, 경광봉·안전용품, 트로피, 비즈니스 선물세트) | K64: 불명(검색결과에 중국 공장/지사 언급 없음) | L64: USB·보조배터리 등 전자 판촉물과 가방류를 주력으로 하는 수원 소재 소규모 판촉몰로 중국 생산 의존도가 높은 품목 구성이라 소싱 파트너 활용 가능성이 있음(공개 이메일이 개인 계정 형태라 미기재). | M64: https://jgift.kr/shop/view.php?index_no=749880
A65: 64 | B65: 중 | C65: 판촉물천국 | D65: 관공서·학교·금융·프랜차이즈 판촉 납품업체 | E65: https://giftheaven.co.kr/ | H65: https://panchokmool.co.kr/panchokmool-category/school-promotional-item/ (학교기념품 제작 카테고리) | J65: 학교 기념품·답례품 (USB, 보조배터리 등), 행사 판촉물 | K65: 불명(사이트 접근 차단으로 확인 불가) | L65: 학교 기념품 전용 카테고리를 운영하며 USB·보조배터리 등 중국 생산 의존 품목을 학교 단체선물로 제안하는 업체라 중국 소싱 파트너 활용 여지가 있으나 연락처는 미확인. | M65: https://giftheaven.co.kr/gift/%ED%95%99%EA%B5%90-%EA%B8%B0%EB%85%90%ED%92%88/
A66: 65 | B66: 중 | C66: (주)아이전시 | D66: 광고·BTL·행사대행사 | E66: https://iex8808.cafe24.com | H66: https://iex8808.cafe24.com (견적·부스문의 게시판, 네이버톡톡) | J66: 전시부스, 학회부스, 박람회·이벤트 부스, 포토존, 블럭·패브릭 부스, 가판대·홍보·판촉 집기 | K66: 약함(부스 제작·설치 전문, 중국 거점 언급 없음) | L66: 전시·학회·기업행사용 부스와 판촉 집기를 제작하는 업체로 포토존·가판대·판촉물 부자재를 대량 조달하기 때문에 중국 소싱 파트너 연계 가능성이 있다. | M66: https://iex8808.cafe24.com/ ; https://iex8808.cafe24.com/category/%EA%B0%80%ED%8C%90%EB%8C%80%C2%B7%ED%99%8D%EB%B3%B4%C2%B7%ED%8C%90%EC%B4%89%C2%B7%EB%8B%A4%ED%8A%B8/53/
A67: 66 | B67: 중 | C67: (주)콤마엔터테인먼트 | D67: 광고·BTL·행사대행사 | E67: https://www.comma-entertainment.com | F67: 02-6319-6947 | G67: info@comma-entertainment.com | H67: https://www.comma-entertainment.com/contact | I67: 서울 강남구 | J67: 이벤트·컨벤션 대행, 콘서트, 프로모션, BTL 마케팅, 옥외광고, 해외 마케팅(인바운드·아웃바운드), SNS·인플루언서 | K67: 약함(해외 마케팅 대행사이나 중국 공장·지사 언급 없음) | L67: 국내 기업의 해외 마케팅과 해외 기업의 국내 행사를 대행하는 글로벌 종합광고대행사로 행사·프로모션용 굿즈를 국경 간으로 조달·배송해야 해 중국 소싱·운송 일괄 파트너가 유용하다. | M67: https://www.comma-entertainment.com/contact ; https://www.comma-entertainment.com/experience
A68: 67 | B68: 중 | C68: (주)크레픽스 | D68: 광고·BTL·행사대행사 | E68: https://www.creaphics.com | F68: 070-7604-5959 | G68: jin@creaphics.com | H68: https://www.creaphics.com/24 | I68: 서울 구로구 | J68: BTL 광고, 행사 대행, 프로모션, 광고물 제작 | K68: 약함(소규모 BTL 대행사, 자체 해외 거점 언급 없음) | L68: 효율성을 내세우는 소형 BTL 광고회사로 자체 제작 인프라가 없어 행사 판촉물·굿즈를 저비용으로 조달해 줄 외부 소싱 파트너가 필요하다. | M68: https://www.creaphics.com/24
A69: 68 | B69: 중 | C69: (주)탑스탠다드 | D69: 광고·BTL·행사대행사 | E69: http://www.topstandard.co.kr | H69: http://www.topstandard.co.kr (홈페이지 문의) | I69: 경기 광명시 | J69: 행사 진행 대행, 전시부스 제작·설치, 심포지엄·컨퍼런스·세미나, 기업행사, 행사용품 렌탈(탑렌탈) | K69: 약함(국내 행사·전시 제작 대행, 중국 거점 언급 없음) | L69: 2014년 설립된 행사 진행·전시부스 제작 종합대행사로 행사용품 렌탈 사업까지 운영해 행사물품을 직접 대량 구매하는 구조이므로 중국 소싱 파트너의 원가 절감 제안이 유효하다. | M69: http://www.topstandard.co.kr/ ; https://www.jobkorea.co.kr/recruit/co_read/c/topstandard
A70: 69 | B70: 중 | C70: (주)펀잇컴퍼니(펀플랜) | D70: 광고·BTL·행사대행사 | E70: https://www.funplan.co.kr | H70: https://www.funplan.co.kr (홈페이지 문의) ; 인스타그램 @funplan.official | J70: 행사대행, 팝업스토어, 전시, 프로모션, 오프라인 BTL 행사 | K70: 약함(행사대행·팝업 전문, 중국 거점 언급 없음) | L70: 팝업스토어와 전시·프로모션을 전문으로 하는 행사대행사로 팝업 집기·굿즈·사은품을 매 프로젝트마다 외주 제작해야 하므로 중국 소싱 대행 수요가 크다. | M70: https://www.funplan.co.kr/
A71: 70 | B71: 중 | C71: 성심코퍼레이션 | D71: 광고·BTL·행사대행사 | E71: https://www.sscomkor.com | H71: 카카오톡 채널 @성심코퍼레이션 ; https://www.sscomkor.com/aboutus | J71: 전시회 기획·운영, 소규모·호텔 행사, 기업행사, 독립부스, 팝업스토어 대행, 홍보월·포토존·족자봉 제작 | K71: 약함(전시·행사 대행 전문, 중국 거점 언급 없음) | L71: 전시회·팝업스토어·기업행사를 기획부터 설치·운영까지 일괄 대행하면서 홍보월·포토존 등 연출물을 자체 제작하므로 행사 소품·기념품의 중국 소싱 파트너가 필요하다. | M71: https://www.sscomkor.com/aboutus ; https://www.sscomkor.com/shop/?idx=27
A72: 71 | B72: 중 | C72: 아이스큐브(광고대행사 아이스큐브) | D72: 광고·BTL·행사대행사 | E72: https://www.icecubecom.co.kr | H72: https://www.icecubecom.co.kr (홈페이지 문의) | J72: BTL, 신제품 런칭쇼, 팝업스토어, 팬미팅, 콘서트, 기업교육·기업문화 콘텐츠, 영상제작 | K72: 약함(마케팅 전문 대행사, 중국 거점 언급 없음) | L72: 신제품 런칭쇼·팝업스토어·팬미팅 등 굿즈 소비가 많은 행사를 전문으로 하는 마케팅 대행사로, 자체 제조 기반이 없어 굿즈 생산 소싱 파트너의 효용이 크다. | M72: https://www.icecubecom.co.kr/BUSINESS
A73: 72 | B73: 중 | C73: 애드넷 | D73: 광고·BTL·행사대행사 | E73: https://ad119.com | F73: 02-831-4871 | G73: ad8282@hanmail.net | H73: https://ad119.com | I73: 서울 금천구 | J73: 친환경 전시부스 제작, 행사·컨퍼런스 디스플레이, 포토존, 배너거치대, 진열대, 인쇄·홍보물 | K73: 약함(전시부스·디스플레이 제작 전문, 중국 거점 언급 없음) | L73: 전시부스와 배너거치대·진열대 등 행사 디스플레이 용품을 판매·제작하는 업체로 표준 행사물품을 중국에서 저가 소싱해 마진을 개선할 수요가 있다. | M73: https://ad119.com/ ; https://ad119.com/55/?idx=115
A74: 73 | B74: 중 | C74: 이상기획 | D74: 광고·BTL·행사대행사 | E74: https://www.mothid.com | H74: https://www.mothid.com/promotion (홈페이지 문의) | J74: 기업행사, 공모전, 제품설명회, 쇼케이스, 프로모션·BTL 대행, 컨벤션, 전시회·박람회, 팝업스토어 | K74: 약함(행사·프로모션 대행 전문, 중국 거점 언급 없음) | L74: 제품설명회·쇼케이스·팝업스토어 등 다양한 기업행사를 대행하는 기획사로 행사별 맞춤 굿즈·판촉물을 외주로 조달해야 해 샘플부터 검수·운송까지 맡길 파트너가 필요하다. | M74: https://www.mothid.com/promotion
A75: 74 | B75: 중 | C75: 플레이스컴(PLACECOM) | D75: 광고·BTL·행사대행사 | E75: https://www.placecom.co.kr | H75: https://www.placecom.co.kr/%ED%9A%8C%EC%82%AC%EC%86%8C%EA%B0%9C (홈페이지 문의) | J75: 팝업스토어 기획·제작·운영, 팝업스토어 장소 대관(광화문·청계광장 등), BTL 프로모션 | K75: 약함(팝업스토어 제작·운영 전문, 중국 거점 언급 없음) | L75: 팝업스토어 장소 대관과 제작·운영을 함께 하는 BTL 전문사로 팝업마다 집기·굿즈·사은품을 새로 제작해야 하므로 중국 소싱·생산 대행 파트너 수요가 지속적이다. | M75: https://www.placecom.co.kr/%ED%9A%8C%EC%82%AC%EC%86%8C%EA%B0%9C
A76: 75 | B76: 중 | C76: 순풍 | D76: 무역·소싱대행·수입도매 | E76: https://soonfung.com | H76: https://soonfung.com/ | J76: 중국구매대행, OEM·ODM, 배송대행(배대지), 병행수입, 도매 | K76: 불명(구매대행·배대지 운영 표방, 자체 공장 여부 미확인) | L76: 구매대행·배대지 중심 소규모 업체로 OEM 공장 수배는 외부 제조 파트너와 협업할 가능성이 있다. | M76: https://soonfung.com/
A77: 76 | B77: 중 | C77: 차이나바이((주)융일) | D77: 무역·소싱대행·수입도매 | E77: https://www.chinabuy.co.kr | F77: 070-8682-6565 | H77: https://chinabuy.off.co.kr/board/list?bname=notice | I77: 서울 강남구 | J77: 중국구매대행(알리바바·1688·타오바오), 배송대행 | K77: 불명(B2C 구매·배송대행 중심, 자체 공장·지사 여부 미확인) | L77: 개인 구매대행 위주라 OEM·대량 공장 소싱 의뢰가 들어올 때 외부 파트너와 협업할 여지가 있다. | M77: https://www.chinabuy.co.kr/
A78: 77 | B78: 중 | C78: 기프트앤돌 | D78: 소규모 판촉물·패키징 중개벤더 | E78: https://giftanddoll.co.kr | F78: 031-848-2073 | H78: https://giftanddoll.co.kr/board/%EA%B0%A4%EB%9F%AC%EB%A6%AC/8/ | I78: 경기 양주시 | J78: 캐릭터 인형·아이돌 인형·봉제 굿즈 주문제작 | K78: 불명 — 중국 공장 관련 언급 확인 안 됨 | L78: 기업·엔터사 대상 캐릭터 인형 굿즈 주문제작 소규모 법인으로 봉제 OEM 중국 소싱 협업 가능. | M78: https://giftanddoll.co.kr/
A79: 78 | B79: 중 | C79: 다이렉트기프트(디앤지컴퍼니) | D79: 소규모 판촉물·패키징 중개벤더 | E79: https://www.directgift.co.kr | F79: 02-382-4046 | G79: directgift@naver.com | H79: https://www.directgift.co.kr/.new/info.asp | J79: 판촉물·잡화 전반, 로고 인쇄 기념품 | K79: 약함 — '제조공장에서 직접 공급받아' 판매한다고만 표기, 자체 공장·중국 지사 언급 없음 | L79: 판촉물·잡화를 제조공장에서 받아 기업에 공급하는 소규모 중개 벤더로 중국 공급처 다변화 수요 가능. | M79: https://www.directgift.co.kr/.new/info.asp
A80: 79 | B80: 중 | C80: 대한기념품 | D80: 소규모 판촉물·패키징 중개벤더 | E80: https://daehangift.co.kr | F80: 1600-9034 | G80: 16009034@daehangift.co.kr | H80: https://daehangift.co.kr/ | I80: 대구 남구 | J80: 텀블러·노트북파우치·여행용세트·쉐이커보틀 등 기업 판촉물·기념품 로고 인쇄 | K80: 불명 — 자체 공장·중국 소싱 언급 없음 | L80: 대구 소재 개인사업자 판촉물·기념품 쇼핑몰로 서울권 밖이지만 파우치·텀블러 등 중국 OEM 품목 비중이 큼. | M80: https://daehangift.co.kr/
A81: 80 | B81: 중 | C81: 레드기프트 | D81: 소규모 판촉물·패키징 중개벤더 | E81: https://redgift.kr | F81: 02-521-6667 | G81: 87@redlooz.co.kr | H81: https://redgift.kr/ | I81: 서울 광진구 | J81: 텀블러·사무문구·주방용품·선물세트 등 판촉물 도매·로고 인쇄 제작 | K81: 불명 — 자체 공장·중국 소싱 언급 없음 | L81: 광진구 소재 개인사업자 판촉물 도매·인쇄 벤더로 기업 행사·답례품 소량 주문을 취급함. | M81: https://bizno.net/article/2966400466
A82: 81 | B82: 중 | C82: 마이선물 | D82: 소규모 판촉물·패키징 중개벤더 | E82: https://mysunmul.com | F82: 031-981-0588 | H82: https://mysunmul.com/category/100%EA%B0%9C-%EB%AF%B8%EB%A7%8C-%EC%86%8C%EB%9F%89%EC%A0%9C%EC%9E%91/120/ | I82: 경기 고양시 일산서구 | J82: 텀블러·마이보틀·보조배터리·미니가습기 등 판촉물 소량(100개 미만) 주문제작 | K82: 약함 — 텀블러 '100% 국내생산' 강조, 중국 소싱 언급 없음 | L82: 고양 소재 소규모 판촉물 벤더로 국내생산 텀블러 위주지만 디지털 가전 등 보완 품목의 중국 소싱 협업 여지 있음. | M82: https://mysunmul.com/
A83: 82 | B83: 중 | C83: 에이블러(에이블코리아) | D83: 소규모 판촉물·패키징 중개벤더 | E83: https://ablerkorea.com | F83: 031-983-8419 | G83: ak0615@ablerkorea.com | H83: https://ablerkorea.com/shopinfo/guide.html | I83: 경기 김포시 | J83: 텀블러·보틀 로고 레이저/실크 인쇄 주문제작, 소량~대량 판촉물 | K83: 불명 — 자체 공장·중국 소싱 언급 없음 | L83: 김포 소재 텀블러·보틀 전문 소규모 판촉물 벤더로 기업 로고 인쇄 대량·소량 주문을 취급함. | M83: https://ablerkorea.com/
A84: 83 | B84: 중 | C84: 커스텀랜드(허스크) | D84: 소규모 판촉물·패키징 중개벤더 | E84: https://www.customland.kr | F84: 031-477-9100 | H84: https://pf.kakao.com/_RxkxfjG | I84: 경기 군포시 | J84: 커스텀 굿즈(의류·잡화·문구) 소량 제작, 기업 로고 굿즈 | K84: 약함 — 국내 약 550평 직영 공장 보유, 중국 공장·지사 언급 없음 | L84: 국내 직영 공장으로 소량 커스텀 굿즈를 만드는 업체라 국내 미생산 품목(텀블러·패키지 등)의 중국 소싱 보완 수요 가능. | M84: https://www.customland.kr/
A85: 84 | B85: 중 | C85: (주)대연이엔티 (B2B 스포츠 도매몰) | D85: 스포츠·헬스·재활용품 유통사/OEM브랜드 | E85: https://www.dy-sports.com | H85: https://www.dy-sports.com | J85: 스포츠용품 B2B 도매 (온라인 셀러 대상) | K85: 불명(B2B 도매몰, 제조 정보 미확인) | L85: 온라인 셀러 대상 스포츠용품 B2B 도매몰로 보호대·헬스소도구 공급 벤더 확보 수요가 있음. | M85: https://www.dy-sports.com/
A86: 85 | B86: 중 | C86: (주)대호스포츠 | D86: 스포츠·헬스·재활용품 유통사/OEM브랜드 | E86: https://daehosports.com | F86: 042-525-6939 | G86: daehosports@naver.com | H86: https://daehosports.com | I86: 대전광역시 | J86: 헬스기구·케틀벨·헬스 소도구, 헬스장 납품 전문 | K86: 불명(헬스기구 납품 전문사, 제조 정보 미확인) | L86: 대전 기반 헬스장 납품 전문사로 헬스장 부자재(보호대·밴드·매트) 소싱 파트너가 필요할 수 있음. | M86: https://daehosports.com/
A87: 86 | B87: 중 | C87: (주)스포틀러 (SPORTLER) | D87: 스포츠·헬스·재활용품 유통사/OEM브랜드 | E87: https://sportler.co.kr | F87: 1670-7933 | G87: iwhasmp@gmail.com | H87: https://www.sportler.co.kr/service/index.php | I87: 서울 서초구 | J87: 홈트 운동기구·요가매트·헬스소도구 (자체 브랜드 직영몰, G마켓·옥션 입점) | K87: 불명(온라인 직영 브랜드, 제조처 미공개) | L87: 홈트 운동기구를 자체 브랜드로 온라인 유통하는 업체로 보호대·소도구 등 신규 품목 소싱 파트너로 접근 가능함. | M87: https://sportler.co.kr/member/privacy.html
A88: 87 | B88: 중 | C88: (주)엠서클 (시셀코리아 SISSEL) | D88: 스포츠·헬스·재활용품 유통사/OEM브랜드 | E88: https://sisselkorea.com | F88: 1899-3646 | H88: https://store.kakao.com/sisselkorea (카카오톡 상담) | I88: 서울 강남구 | J88: 폼롤러·마사지볼·짐볼·운동밴드·운동방석·정형베개 (스웨덴 시셀 공식 수입, 코스트코 입점) | K88: 약함(해외 브랜드 수입 총판, 자체 공장 없음) | L88: 시셀 수입 총판이라 핵심 품목은 본사 공급이나 보완 품목(보호대 등) PB 개발 시 중국 OEM 파트너가 필요할 수 있음. | M88: https://sisselkorea.com/about.html
A89: 88 | B89: 중 | C89: 고핏코리아 (GOFITKOREA) | D89: 스포츠·헬스·재활용품 유통사/OEM브랜드 | E89: https://gofitkorea.com | F89: 1833-3745 | H89: https://gofitkorea.com | J89: 헬스기구·덤벨·헬스소도구, 헬스장 창업·기업·관공서·아파트 납품 및 피트니스 인테리어 | K89: 불명(헬스기구 유통·납품 전문, 제조 정보 미확인) | L89: 헬스장 창업·관공서 납품 전문 유통사로 소도구·보호대 등 부자재 일괄 소싱 파트너가 필요할 수 있음. | M89: https://gofitkorea.com/
A90: 89 | B90: 중 | C90: 다산메디칼 (닥터엠알오) | D90: 스포츠·헬스·재활용품 유통사/OEM브랜드 | E90: https://drmro.com | F90: 070-7095-9512 | G90: dasanmd@hanmail.net | H90: https://drmro.com | I90: 경기도 용인시 기흥구 | J90: 병의원용 의료소모품·진료재료·장비 5천여 종 도소매 유통 | K90: 약함(의료소모품 유통 전문, 자체 공장 없음) | L90: 병의원 대상 의료소모품 종합 유통사로 보호대·재활 소모품 PB 소싱 시 중국 OEM 파트너가 필요함. | M90: https://drmro.com/
A91: 90 | B91: 중 | C91: 더미통상 (서울종로의료기) | D91: 스포츠·헬스·재활용품 유통사/OEM브랜드 | E91: https://jongromedi.com | F91: 02-2275-1478 | G91: habin0929@naver.com | H91: https://jongromedi.com | I91: 서울 중구 | J91: 무릎·손목·허리 보호대, 병원용품, 재활운동 용품, 의료용 산소, 안마기 (관공서·병원 납품 실적) | K91: 약함(의료기기 유통 전문, 자체 공장 없음) | L91: 종로 40년 의료기 유통사로 보호대 카테고리를 다수 취급해 가격 경쟁력 있는 OEM 보호대 공급처를 필요로 할 가능성이 있음. | M91: https://jongromedi.com
A92: 91 | B92: 중 | C92: 동화스포츠 | D92: 스포츠·헬스·재활용품 유통사/OEM브랜드 | E92: https://www.donghwasports.net | H92: https://www.donghwasports.net / 010 번호만 공개 | I92: 부산광역시 강서구 | J92: 라텍스밴드·운동밴드·요가매트·짐볼·폼롤러 등 헬스기구·운동용품 | K92: 불명(헬스용품 유통사, 제조 정보 미확인) | L92: 밴드·매트·짐볼·폼롤러 등 중국 OEM 의존도가 높은 헬스 소도구를 폭넓게 취급하는 유통사임. | M92: https://www.donghwasports.net/
A93: 92 | B93: 중 | C93: 메디세일 (MEDISALE) | D93: 스포츠·헬스·재활용품 유통사/OEM브랜드 | E93: https://medisale.co.kr | G93: medisale@inot-meditech.com | H93: https://medisale.co.kr | J93: 의료기기·의료소모품 기업 전용 B2B 도매몰 | K93: 약함(B2B 의료소모품 도매, 자체 공장 없음) | L93: 병원·약국 대상 의료소모품 B2B 도매몰로 보호대 등 소모품 라인업 확충 시 OEM 공급처가 필요함. | M93: https://medisale.co.kr/
A94: 93 | B94: 중 | C94: 빅사이트 (필라모아 PILAMOA) | D94: 스포츠·헬스·재활용품 유통사/OEM브랜드 | E94: https://pilamoa.com | G94: jaseatoz@naver.com | H94: https://pilamoa.com | I94: 서울 강남구 | J94: 필라테스 기구(리포머·캐포머)·소도구·미니폼롤러·센터운영 용품 (필라테스 센터 납품 전문몰) | K94: 약함(필라테스 전문 유통몰, 자체 공장 없음) | L94: 필라테스 센터 대상 토탈 납품몰로 소도구·보호대 PB 확장 시 중국 OEM 소싱 파트너가 필요함 (사이트 게시 연락처가 휴대전화라 대표전화는 미기재). | M94: https://pilamoa.com
A95: 94 | B95: 중 | C95: 스포플 (SPOFL) | D95: 스포츠·헬스·재활용품 유통사/OEM브랜드 | E95: https://spofl.co.kr | H95: https://pf.kakao.com/_GVrxlK (카카오톡 채널) | J95: 폼롤러·마사지기·운동밴드·헬스케어 및 스포츠 브랜드 편집 플랫폼 | K95: 불명(브랜드 유통 플랫폼, 제조 정보 미확인) | L95: 다수 스포츠·헬스케어 브랜드를 유통하는 온라인 플랫폼으로 PB 소도구·보호대 개발 시 외부 OEM 파트너 수요 가능성이 있음. | M95: https://spofl.co.kr/board/faq/3/
A96: 95 | B96: 중 | C96: 에스앤에스 (파워플러스몰) | D96: 스포츠·헬스·재활용품 유통사/OEM브랜드 | E96: http://sns3524.godomall.com | H96: http://sns3524.godomall.com/main/index.php?pcView=y | J96: 의료용 관절보호대 제조·유통 (자체 브랜드 파워플러스·스포라이트·웰팜스) | K96: 불명(제조·유통 전문사로 소개되나 공장 소재지 미확인) | L96: 복수의 보호대 브랜드를 운영하는 관절보호대 전문 제조·유통사로 품목 보완용 중국 OEM 협업 여지가 있으나 자체 제조 가능성이 있어 경쟁 관계일 수 있음. | M96: http://sns3524.godomall.com/main/index.php?pcView=y
A97: 96 | B97: 중 | C97: 트라택 (TRATAC) | D97: 스포츠·헬스·재활용품 유통사/OEM브랜드 | E97: https://tratac.co.kr | H97: https://tratac.co.kr | J97: 세라밴드 등 재활·헬스케어 운동용품 (헬스케어 플랫폼) | K97: 불명(헬스케어 유통 플랫폼, 제조 정보 미확인) | L97: 재활·헬스케어 용품 플랫폼으로 물리치료실·재활센터 납품용 보호대·밴드 OEM 공급처가 필요할 수 있음. | M97: https://tratac.co.kr/shop/prd_list.php?catcode=161100
A98: 97 | B98: 중 | C98: 하라스포츠 | D98: 스포츠·헬스·재활용품 유통사/OEM브랜드 | E98: https://harasports.net | F98: 063-462-6300 | G98: hhhh4076@naver.com | H98: https://harasports.net | I98: 전북특별자치도 군산시 | J98: 원판·아령·바벨봉·케틀벨·메디슨볼·폼롤러·요가매트 등 헬스 소도구 85종 | K98: 불명(헬스 소도구 유통, 제조 정보 미확인) | L98: 헬스 소도구 전 품목을 취급하는 유통사로 보호대·소도구 신규 소싱 파트너로 접근 가능함. | M98: https://harasports.net/
A99: 98 | B99: 중 | C99: (주)비즈마켓 | D99: 제약·의료·치과 판촉물 벤더 | E99: https://www.bizmarket.com/ | F99: 1670-1628 | H99: https://www.bizmarket.com/promotion | I99: 서울 용산구 | J99: 제약·전자·금융사 사은품·판촉물 제작, 제약사 전용(PL/PB) 상품 개발, 캐릭터·로고 활용 굿즈, 기업 판촉몰 구축 | K99: 불명 (글로벌 B2B 서비스 언급은 있으나 자체 중국공장·지사 명시 없음) | L99: 제약사 대상 전용 판촉물·PL/PB 굿즈 개발을 사업영역으로 명시한 업체로, 규모는 크지만 제약 판촉 물량이 안정적임. | M99: https://www.bizmarket.com/promotion
A100: 99 | B100: 중 | C100: 가로기프트 | D100: 제약·의료·치과 판촉물 벤더 | E100: https://garogift.com/ | H100: https://garogift.com/ | J100: 병원 판촉물, 약국 판촉물, 텀블러, 기념품, 업종별(보험·학교·학원·교회) 판촉물 | K100: 불명 (자체 공장·중국지사 언급 없음) | L100: 병원·약국 판촉물 전용 페이지를 운영하는 소규모 판촉물 중개 벤더로 의료 고객 대상 굿즈 소싱 파트너 수요가 예상됨. | M100: https://garogift.com/%EB%B3%91%EC%9B%90-%ED%8C%90%EC%B4%89%EB%AC%BC/
...

Sheet 요약
A1: 카테고리별 업체 수
A2: 카테고리 | B2: 전체 | C2: 상 | D2: 중 | E2: 하 | F2: 연락완료 | G2: 관심/견적요청
A3: OEM 온라인브랜드·패키징 | B3: =COUNTIF(영업리스트!$D$2:$D$430,A3) | C3: =COUNTIFS(영업리스트!$D$2:$D$430,A3,영업리스트!$B$2:$B$430,"상") | D3: =COUNTIFS(영업리스트!$D$2:$D$430,A3,영업리스트!$B$2:$B$430,"중") | E3: =COUNTIFS(영업리스트!$D$2:$D$430,A3,영업리스트!$B$2:$B$430,"하") | F3: =COUNTIFS(영업리스트!$D$2:$D$430,A3,영업리스트!$Q$2:$Q$430,"<>") | G3: =COUNTIFS(영업리스트!$D$2:$D$430,A3,영업리스트!$Q$2:$Q$430,"관심")+COUNTIFS(영업리스트!$D$2:$D$430,A3,영업리스트!$Q$2:$Q$430,"견적요청")
A4: 관공서·학교·금융·프랜차이즈 판촉 납품업체 | B4: =COUNTIF(영업리스트!$D$2:$D$430,A4) | C4: =COUNTIFS(영업리스트!$D$2:$D$430,A4,영업리스트!$B$2:$B$430,"상") | D4: =COUNTIFS(영업리스트!$D$2:$D$430,A4,영업리스트!$B$2:$B$430,"중") | E4: =COUNTIFS(영업리스트!$D$2:$D$430,A4,영업리스트!$B$2:$B$430,"하") | F4: =COUNTIFS(영업리스트!$D$2:$D$430,A4,영업리스트!$Q$2:$Q$430,"<>") | G4: =COUNTIFS(영업리스트!$D$2:$D$430,A4,영업리스트!$Q$2:$Q$430,"관심")+COUNTIFS(영업리스트!$D$2:$D$430,A4,영업리스트!$Q$2:$Q$430,"견적요청")
A5: 광고·BTL·행사대행사 | B5: =COUNTIF(영업리스트!$D$2:$D$430,A5) | C5: =COUNTIFS(영업리스트!$D$2:$D$430,A5,영업리스트!$B$2:$B$430,"상") | D5: =COUNTIFS(영업리스트!$D$2:$D$430,A5,영업리스트!$B$2:$B$430,"중") | E5: =COUNTIFS(영업리스트!$D$2:$D$430,A5,영업리스트!$B$2:$B$430,"하") | F5: =COUNTIFS(영업리스트!$D$2:$D$430,A5,영업리스트!$Q$2:$Q$430,"<>") | G5: =COUNTIFS(영업리스트!$D$2:$D$430,A5,영업리스트!$Q$2:$Q$430,"관심")+COUNTIFS(영업리스트!$D$2:$D$430,A5,영업리스트!$Q$2:$Q$430,"견적요청")
A6: 무역·소싱대행·수입도매 | B6: =COUNTIF(영업리스트!$D$2:$D$430,A6) | C6: =COUNTIFS(영업리스트!$D$2:$D$430,A6,영업리스트!$B$2:$B$430,"상") | D6: =COUNTIFS(영업리스트!$D$2:$D$430,A6,영업리스트!$B$2:$B$430,"중") | E6: =COUNTIFS(영업리스트!$D$2:$D$430,A6,영업리스트!$B$2:$B$430,"하") | F6: =COUNTIFS(영업리스트!$D$2:$D$430,A6,영업리스트!$Q$2:$Q$430,"<>") | G6: =COUNTIFS(영업리스트!$D$2:$D$430,A6,영업리스트!$Q$2:$Q$430,"관심")+COUNTIFS(영업리스트!$D$2:$D$430,A6,영업리스트!$Q$2:$Q$430,"견적요청")
A7: 소규모 판촉물·패키징 중개벤더 | B7: =COUNTIF(영업리스트!$D$2:$D$430,A7) | C7: =COUNTIFS(영업리스트!$D$2:$D$430,A7,영업리스트!$B$2:$B$430,"상") | D7: =COUNTIFS(영업리스트!$D$2:$D$430,A7,영업리스트!$B$2:$B$430,"중") | E7: =COUNTIFS(영업리스트!$D$2:$D$430,A7,영업리스트!$B$2:$B$430,"하") | F7: =COUNTIFS(영업리스트!$D$2:$D$430,A7,영업리스트!$Q$2:$Q$430,"<>") | G7: =COUNTIFS(영업리스트!$D$2:$D$430,A7,영업리스트!$Q$2:$Q$430,"관심")+COUNTIFS(영업리스트!$D$2:$D$430,A7,영업리스트!$Q$2:$Q$430,"견적요청")
A8: 스포츠·헬스·재활용품 유통사/OEM브랜드 | B8: =COUNTIF(영업리스트!$D$2:$D$430,A8) | C8: =COUNTIFS(영업리스트!$D$2:$D$430,A8,영업리스트!$B$2:$B$430,"상") | D8: =COUNTIFS(영업리스트!$D$2:$D$430,A8,영업리스트!$B$2:$B$430,"중") | E8: =COUNTIFS(영업리스트!$D$2:$D$430,A8,영업리스트!$B$2:$B$430,"하") | F8: =COUNTIFS(영업리스트!$D$2:$D$430,A8,영업리스트!$Q$2:$Q$430,"<>") | G8: =COUNTIFS(영업리스트!$D$2:$D$430,A8,영업리스트!$Q$2:$Q$430,"관심")+COUNTIFS(영업리스트!$D$2:$D$430,A8,영업리스트!$Q$2:$Q$430,"견적요청")
A9: 제약·의료·치과 판촉물 벤더 | B9: =COUNTIF(영업리스트!$D$2:$D$430,A9) | C9: =COUNTIFS(영업리스트!$D$2:$D$430,A9,영업리스트!$B$2:$B$430,"상") | D9: =COUNTIFS(영업리스트!$D$2:$D$430,A9,영업리스트!$B$2:$B$430,"중") | E9: =COUNTIFS(영업리스트!$D$2:$D$430,A9,영업리스트!$B$2:$B$430,"하") | F9: =COUNTIFS(영업리스트!$D$2:$D$430,A9,영업리스트!$Q$2:$Q$430,"<>") | G9: =COUNTIFS(영업리스트!$D$2:$D$430,A9,영업리스트!$Q$2:$Q$430,"관심")+COUNTIFS(영업리스트!$D$2:$D$430,A9,영업리스트!$Q$2:$Q$430,"견적요청")
A10: 캐릭터·IP·팬굿즈 기획사 | B10: =COUNTIF(영업리스트!$D$2:$D$430,A10) | C10: =COUNTIFS(영업리스트!$D$2:$D$430,A10,영업리스트!$B$2:$B$430,"상") | D10: =COUNTIFS(영업리스트!$D$2:$D$430,A10,영업리스트!$B$2:$B$430,"중") | E10: =COUNTIFS(영업리스트!$D$2:$D$430,A10,영업리스트!$B$2:$B$430,"하") | F10: =COUNTIFS(영업리스트!$D$2:$D$430,A10,영업리스트!$Q$2:$Q$430,"<>") | G10: =COUNTIFS(영업리스트!$D$2:$D$430,A10,영업리스트!$Q$2:$Q$430,"관심")+COUNTIFS(영업리스트!$D$2:$D$430,A10,영업리스트!$Q$2:$Q$430,"견적요청")
A11: 캐릭터·IP·팬굿즈 기획사 · 소규모 판촉물·패키징 중개벤더 | B11: =COUNTIF(영업리스트!$D$2:$D$430,A11) | C11: =COUNTIFS(영업리스트!$D$2:$D$430,A11,영업리스트!$B$2:$B$430,"상") | D11: =COUNTIFS(영업리스트!$D$2:$D$430,A11,영업리스트!$B$2:$B$430,"중") | E11: =COUNTIFS(영업리스트!$D$2:$D$430,A11,영업리스트!$B$2:$B$430,"하") | F11: =COUNTIFS(영업리스트!$D$2:$D$430,A11,영업리스트!$Q$2:$Q$430,"<>") | G11: =COUNTIFS(영업리스트!$D$2:$D$430,A11,영업리스트!$Q$2:$Q$430,"관심")+COUNTIFS(영업리스트!$D$2:$D$430,A11,영업리스트!$Q$2:$Q$430,"견적요청")
A12: 캐릭터·IP·팬굿즈 기획사 · 판촉물·굿즈 제작대행사 | B12: =COUNTIF(영업리스트!$D$2:$D$430,A12) | C12: =COUNTIFS(영업리스트!$D$2:$D$430,A12,영업리스트!$B$2:$B$430,"상") | D12: =COUNTIFS(영업리스트!$D$2:$D$430,A12,영업리스트!$B$2:$B$430,"중") | E12: =COUNTIFS(영업리스트!$D$2:$D$430,A12,영업리스트!$B$2:$B$430,"하") | F12: =COUNTIFS(영업리스트!$D$2:$D$430,A12,영업리스트!$Q$2:$Q$430,"<>") | G12: =COUNTIFS(영업리스트!$D$2:$D$430,A12,영업리스트!$Q$2:$Q$430,"관심")+COUNTIFS(영업리스트!$D$2:$D$430,A12,영업리스트!$Q$2:$Q$430,"견적요청")
A13: 판촉물·굿즈 제작대행사 | B13: =COUNTIF(영업리스트!$D$2:$D$430,A13) | C13: =COUNTIFS(영업리스트!$D$2:$D$430,A13,영업리스트!$B$2:$B$430,"상") | D13: =COUNTIFS(영업리스트!$D$2:$D$430,A13,영업리스트!$B$2:$B$430,"중") | E13: =COUNTIFS(영업리스트!$D$2:$D$430,A13,영업리스트!$B$2:$B$430,"하") | F13: =COUNTIFS(영업리스트!$D$2:$D$430,A13,영업리스트!$Q$2:$Q$430,"<>") | G13: =COUNTIFS(영업리스트!$D$2:$D$430,A13,영업리스트!$Q$2:$Q$430,"관심")+COUNTIFS(영업리스트!$D$2:$D$430,A13,영업리스트!$Q$2:$Q$430,"견적요청")
A14: 판촉물·굿즈 제작대행사 · 관공서·학교·금융·프랜차이즈 판촉 납품업체 | B14: =COUNTIF(영업리스트!$D$2:$D$430,A14) | C14: =COUNTIFS(영업리스트!$D$2:$D$430,A14,영업리스트!$B$2:$B$430,"상") | D14: =COUNTIFS(영업리스트!$D$2:$D$430,A14,영업리스트!$B$2:$B$430,"중") | E14: =COUNTIFS(영업리스트!$D$2:$D$430,A14,영업리스트!$B$2:$B$430,"하") | F14: =COUNTIFS(영업리스트!$D$2:$D$430,A14,영업리스트!$Q$2:$Q$430,"<>") | G14: =COUNTIFS(영업리스트!$D$2:$D$430,A14,영업리스트!$Q$2:$Q$430,"관심")+COUNTIFS(영업리스트!$D$2:$D$430,A14,영업리스트!$Q$2:$Q$430,"견적요청")
A15: 회수 대상(前 파트너 거래처) | B15: =COUNTIF(영업리스트!$D$2:$D$430,A15) | C15: =COUNTIFS(영업리스트!$D$2:$D$430,A15,영업리스트!$B$2:$B$430,"상") | D15: =COUNTIFS(영업리스트!$D$2:$D$430,A15,영업리스트!$B$2:$B$430,"중") | E15: =COUNTIFS(영업리스트!$D$2:$D$430,A15,영업리스트!$B$2:$B$430,"하") | F15: =COUNTIFS(영업리스트!$D$2:$D$430,A15,영업리스트!$Q$2:$Q$430,"<>") | G15: =COUNTIFS(영업리스트!$D$2:$D$430,A15,영업리스트!$Q$2:$Q$430,"관심")+COUNTIFS(영업리스트!$D$2:$D$430,A15,영업리스트!$Q$2:$Q$430,"견적요청")
A16: 합계 | B16: =SUM(B3:B15) | C16: =SUM(C3:C15) | D16: =SUM(D3:D15) | E16: =SUM(E3:E15) | F16: =SUM(F3:F15) | G16: =SUM(G3:G15)
A18: 연락결과 현황
A19: 결과 | B19: 건수
A20: 통화 | B20: =COUNTIF(영업리스트!$Q$2:$Q$430,A20)
A21: 메일발송 | B21: =COUNTIF(영업리스트!$Q$2:$Q$430,A21)
A22: 관심 | B22: =COUNTIF(영업리스트!$Q$2:$Q$430,A22)
A23: 견적요청 | B23: =COUNTIF(영업리스트!$Q$2:$Q$430,A23)
A24: 거절 | B24: =COUNTIF(영업리스트!$Q$2:$Q$430,A24)
A25: 부재 | B25: =COUNTIF(영업리스트!$Q$2:$Q$430,A25)
A26: 재연락 | B26: =COUNTIF(영업리스트!$Q$2:$Q$430,A26)

Sheet 영업멘트
A1: 포지션 한 줄 | B1: 품목에 상관없이, 한국에서 필요한 제품과 사양만 주시면 중국 현지 제조공장 발굴 → 샘플 → 가격협상 → 생산 → 검수 → 통관·국내 납품까지 한 번에 연결하는 회사. (보호대는 '우리가 실제로 중국에서 만들어 팔고 있다'는 증거로만 언급)
A2: 전화 첫 멘트 | B2: 안녕하세요, 올투게더나우 대표 ○○○입니다. 저희는 중국 현지 제조 파트너와 함께 굿즈·판촉물·패키지·생활용품·봉제·전자소품 등 품목 가리지 않고 공장 발굴부터 샘플, 생산, 검수, 국내 입고까지 한 번에 진행하는 회사입니다. 저희 자체 제품도 같은 방식으로 중국에서 만들어 네이버·쿠팡에서 팔고 있어서 품질·납기 관리는 직접 겪어본 경험이 있습니다. 귀사에서 중국 생산이 들어가는 건이 있으면 견적 비교부터 도와드리고 싶은데, 구매 담당 부서로 연결 가능할까요?
A3: 핵심 차별점 | B3: 1) 단순 구매대행이 아니라 중국 현지 제조 파트너가 직접 공장을 찾고 생산을 관리. 2) 품목 제한 없음: 인쇄물·잡화·봉제·사출·금속·패키지·전자소품까지 공장 네트워크로 대응. 3) 저희도 자체 제품을 중국에서 만들어 파는 회사라 사고 유형(불량, 납기, 인증)을 알고 미리 막음. 4) 수출입 사업자로 세금계산서 발행, 통관, KC 인증 안내까지 국내에서 처리.
A4: 이메일 제목 | B4: [제안] 중국 OEM 생산 원스톱 대행 (공장 발굴~검수~국내 납품, 품목 무관) - 올투게더나우
A5: 이메일 본문 | B5: 안녕하세요, 올투게더나우 대표 ○○○입니다. 저희는 중국 현지 제조 파트너와 함께, 품목에 상관없이 중국 생산이 필요한 제품을 아래 과정으로 원스톱 진행해 드립니다. 1. 제품·사양·수량·예산만 알려주시면 중국 현지 파트너가 제조공장을 발굴 2. 샘플 제작 및 국내 발송 3. 가격 협상 및 견적서 제출 4. 생산 진행 및 출하 전 검수 (사진·영상 보고) 5. 통관 후 국내 지정 장소 납품, 세금계산서 발행 대응 품목: 판촉물·굿즈(인쇄, 아크릴, 금속, 봉제, 사출), 패키지(박스·쇼핑백·파우치), 생활용품·주방용품, 스포츠·헬스용품, 전자소품(보조배터리·케이블 등) 외 다수. 저희 자체 브랜드 제품도 같은 방식으로 중국에서 생산해 네이버·쿠팡에서 판매 중이라, 품질·납기 관리는 직접 겪어본 노하우로 진행합니다. 진행 중인 건 하나로 견적 비교부터 해보셔도 좋습니다. 연락 주시면 바로 찾아뵙고 설명드리겠습니다. 올투게더나우 대표 ○○○ / 전화 000-0000-0000 / 이메일 ○○○@○○○
A6: 예상 질문 1 | B6: Q. 이미 거래하는 중국 공장이 있는데요? → A. 그러면 견적 비교용으로만 한 건 받아보세요. 같은 사양으로 저희 견적이 더 낮거나 납기가 빠르면 그때 바꾸시면 됩니다.
A7: 예상 질문 2 | B7: Q. 소량도 되나요? → A. 품목별로 다르지만 300~500개부터 가능한 공장을 찾아드립니다. 우선 사양 주시면 MOQ부터 확인해 드릴게요.
A8: 예상 질문 3 | B8: Q. 불량 나면 어떻게 하나요? → A. 출하 전 검수 사진·영상을 보내드리고, 검수 통과 후에만 출고합니다. 계약서에 불량 시 재생산 조건을 명시합니다.
A9: 예상 질문 4 | B9: Q. 무슨 품목까지 되나요? → A. 저희가 하는 건 특정 제품이 아니라 '공장을 찾아 생산을 관리하는 일'이라 품목 제한이 없습니다. 지금 진행 중인 품목 말씀해 주시면 그 공장부터 찾아드립니다.
A10: 회수 대상 멘트 | B10: 안녕하세요, 올투게더나우 ○○○ 대표입니다. 그동안 함석민 님을 통해 진행하셨던 중국 생산 건(예: 클립펜·온습도계, 캐릭터 굿즈, 패키지 박스)은 실제로는 저희 중국 파트너 리자위 공장에서 만들어졌습니다. 현재 함석민 님과는 거래가 정리되어, 앞으로는 저희가 한국 창구를 맡아 같은 공장·같은 품질로 직접 진행해 드립니다. 중간 단계가 하나 빠지는 만큼 단가와 소통 속도 모두 유리합니다. 진행 중이거나 예정된 건 있으시면 바로 견적 드리겠습니다.
A11: 회수 대상 주의 | B11: 1) 前 파트너 험담은 하지 말고 '거래가 정리됐다'까지만. 2) 상대가 함석민과 계속 거래 중일 수 있으니 첫 통화는 탐색 위주로. 3) 과거 생산 사진·샘플을 리자위에게 미리 받아두면 '같은 공장' 증명이 바로 됩니다. 4) 개인 휴대폰보다 회사 번호·메일로 먼저 연락.
A12: 후속 조치 | B12: 통화 후 24시간 안에 이메일로 회사소개(중국 공장 사진, 생산 사례 사진, 자사 제품 판매 페이지) + 견적 요청 양식(품목/사양/수량/희망단가/납기) 발송. 1주 뒤 재연락.
